S. No.,Proposal No.,Clearance Details,Project Name,Location,Project Proponent,Other Details,Issuing Authority,Proposal Status,Project_Description
1,IA/WB/IND2/561314/2026,"Clearance Type: Application for EC (Category A, B1, and B2 Violation)- Form 1 S/W No.: SW/250126/2025",Proposed expansion of existing plant by increasing the production capacity of Phenol from 240 KTA to 400 KTA and Acetone from 147 KTA to 248 KTA.,WEST BENGAL,ADPLUS CHEMICALS AND POLYMERS PRIVATE LIMITED,Category: A Sector: Industrial Projects - 2 Date of Submission: 13/01/2026,MOEFCC,Under Processing with Authority,Proposed expansion of existing plant by increasing the production capacity of Phenol from 240 KTA to 400 KTA and Acetone from 147 KTA to 248 KTA. The proposed expansion project requires expanding Cumene-Phenol Unit from 240 KTA to 400 KTA Phenol equivalent. Production Capacity (Intermediate & Final) after expansion : - Phenol: 400 kTA (Final) - Acetone: 248 kTA (Final) - Propylene: 117 kTA (Intermediate) - Cumene: 532 kTA (Intermediate)
2,IA/WB/IND1/567740/2026,"Clearance Type: Application for ToR (Category A, B1, and B2 Violation)/EC (Category B2) - Form 1 S/W No.: SW/274312/2026","Establishment of Greenfield Steel Plant for Production of 1.7 MTPA Pellets, 1.320 MTPA Sponge Iron, 0.66MTPA MS Steel/Stainless Steel Billets, 0.627 MTPA MS/SS Rolled Products, 0.0528MTPA Grinding Media Ball, 0.1607 MTPA Pig Iron or 0.1455 MTPA Ferro Alloys, 0.0528 MTPA LCFC and 165 MW Captive Power Plant along with allied facilities by DSMT Steel & Energy Private Limited at Village - Haridi, PO- Ramkanali, PS-Neturia, Dist.-Purulia, West Bengal",WEST BENGAL,DSMT Steel & Energy Private Limited,Category: A Sector: Industrial Projects - 1 Date of Submission: 04/02/2026,MOEFCC,Under Examination,"The Proposed Project is for Establishment of Greenfield Steel Plant for Production of 1.7 MTPA Pellets, 1.320 MTPA Sponge Iron, 0.66MTPA MS Steel/Stainless Steel Billets, 0.627 MTPA MS/SS Rolled Products, 0.0528MTPA Grinding Media Ball, 0.1607 MTPA Pig Iron or 0.1455 MTPA Ferro Alloys, 0.0528 MTPA LCFC and 165 MW Captive Power Plant along with allied facilities."
3,IA/WB/THE/564520/2026,Clearance Type: Application for Amendment in EC- Form-4 S/W No.: SW/271019/2026,"Amendment in Environment Clearance w.r.t. Thermal Power Plant located at JL – 94, Mouza – Kismatsibrampur, JL No. – 170, Mouza – Tentulberia, JL No. – 147, Mouza – Sovarampur, JL No. 146, Mouza – Kashbere, PS – Bhabanipur, Haldia, East Medinipur, West Bengal by M/s Hiranmaye Energy Limited for review of SO2 emission standards and exemption from installation of Flue Gas Desulfurization (FGD) as per MoEF&CC, New Delhi’s Notification dated 11.07.2025",WEST BENGAL,HIRANMAYE ENERGY LIMITED,Category: A Sector: Thermal Projects Date of Submission: 06/02/2026,MOEFCC,Under Examination,"We are submitting application for EC Amendment for review of SO2 Emission standards and exemption from installation of FGD as per MoEF&CC, New Delhi's notification dated 11.07.2025."
4,SIA/WB/IND2/564066/2026,Clearance Type: Application for amendment in ToR (for categories A & B1)/Amendment in EC (for category B2)- Form-3 S/W No.: SW/271054/2026,"Amendment of EC no. EC22B002WB155201 dated-26/09/2022 for proposed onshore exploratory drilling of 04 wells BP-ONHP18-1-C, BP-ONO-181MPA-C ΒΡΟΝΟ181MPA-D,BPONO181MPA-B in Bengal Onshore OALP-III Block BP-ONHP-2018/1 situated in North 24 Parganas and South 24 Parganas districts, West Bengal by M/s ONGC Limited, MBA Basin",WEST BENGAL,Champak Mitra,Category: B2 Sector: Industrial Projects - 2 Date of Submission: 02/01/2026,SEIAA,Proposal Accepted and Referred to SEAC,"ONGC Ltd., MBA Basin has received Environmental Clearance for drilling of 7 nos. of exploratory wells vide EC Identification No. EC22B002WB155201, File No. EN/T-II-1/042/2022 dated 26.09.2022. ONGC proposes to change 4 nos. of well location (BP-ONHP18-1-C, BPONO181MPA-C, ΒΡΟΝΟ181MPA-D, BPONO181MPA-B) in the existing onshore OALP-III Block BP-ONHP-2018/1 situated in North 24 Parganas and South 24 Parganas districts, West Bengal."
5,SIA/WB/MIN/558952/2026,"Clearance Type: Application for ToR (Category A, B1, and B2 Violation)/EC (Category B2) - Form 1 S/W No.: SW/266389/2025",MIN_JH_31E Sand Mine,WEST BENGAL,WEST BENGAL MINERAL DEVELOPMENT AND TRADING CORPORATION LIMITED,Category: B1 Sector: Non-Coal Mining Date of Submission: 16/01/2026,SEIAA,Proposal Accepted and Referred to SEAC,MIN_JH_31E sand block is situated in the district of Jhargram and lies on Subarnarekha River comprising an area of 21 Ha.
6,IA/WB/THE/565148/2026,Clearance Type: Application for Amendment in EC- Form-4 S/W No.: SW/270333/2025,"ASSESSMENT FOR DETERMINING NECESSITY OF INSTALLING FGD AT DPPS, DPL, DURGAPUR, WEST BENGAL",WEST BENGAL,THE DURGAPUR PROJECTS LIMITED,Category: A Sector: Thermal Projects Date of Submission: 11/01/2026,MOEFCC,EDS Raised,"The primary objective is to seek exemption from installing a FGD system at DPPS, DPL, Durgapur, West Bengal."
7,IA/WB/INFRA1/568221/2026,"Clearance Type: Application for ToR (Category A, B1, and B2 Violation)/EC (Category B2) - Form 1 S/W No.: SW/274733/2026","Proposed Development of Outer Terminal and Upgradation of Berth No. 11 & 12 for Handling Containers with a Provision of Multipurpose Cargo Handling through PPP Mode at Haldia Dock Complex, SMPK, District - East Midnapur, West Bengal by Syama Prasad Mookerjee Port, Kolkata (SMPK)",WEST BENGAL,"Syama Prasad Mookerjee Port, Kolkata",Category: A Sector: INFRA-1 Date of Submission: 06/02/2026,MOEFCC,Under Examination,The development plan for the proposed Outer Terminal (OT) and upgradation of Berths No. 11 and 12 has been formulated based on the mechanization schemes. • For Development of Outer Terminal (OT) : with Mobile Harbour Cranes (MHCs) as quay equipment and Rubber Tyred Gantry Cranes (RTGs) as yard equipment. • For Upgradation of Berths No. 11 and 12 : with Rail Mounted Quay Cranes (RMQCs) and Rubber Tyred Gantry Cranes (RTGs) has been selected to enhance handling efficiency.
8,SIA/WB/MIN/566161/2026,"Clearance Type: Application for ToR (Category A, B1, and B2 Violation)/EC (Category B2) - Form 1 S/W No.: SW/272411/2026",Radhakantapur Sand Mine,WEST BENGAL,SWAPAN MONDAL,Category: B1 Sector: Non-Coal Mining Date of Submission: 20/01/2026,SEIAA,SUBMITTED,"Applicant SWAPAN MONDAL is the successful highest bidder of Sand Block No.: 0107DM013 after participating in sand block auction conducted by Government of West Bengal and will obtain sand mining lease after deed registration. The mining lease will be granted over an area of 3.53 Hectare/8.73 Acres on river Damodar at Mouza –Radhakantapur, P.S.-Barjora, Dist –Bankura, West Bengal, over Plot No.448(P),513(P), J.L. No.-60."
9,SIA/WB/MIN/563926/2026,Clearance Type: Application for EC for Mining of Minor Minerals of Mine Lease (0-5 HA) - Form-2 S/W No.: SW/270940/2026,SAND BLOCK – GUMTA SAND MINE – {SAND BLOCK CODE - (Bir/Mayureswar - II/Gumta/085/2016)},WEST BENGAL,PAWAN ARORA,Category: B2 Sector: Non-Coal Mining Date of Submission: 20/01/2026,SEIAA,Under Verification,"SAND BLOCK – GUMTA SAND MINE – (SAND BLOCK CODE - Bir/Mayureswar - II/Gumta/085/2016) is situated at J. L. No. 077, Plot No. 905(P), Mouza – Gumta, Village – Gumta, Police Station – Mayureswar, District – Birbhum, State - West Bengal and it lies on Mayurakshi River comprising an area of 2.57 Hectare (6.35 Acres). The block is having replenishable geological resource of riverbed material consists of mainly Sand in a tune of around 3,06,333.72 cum in 5 years considering replenishment rate of 74.33"
10,SIA/WB/MIN/566590/2026,"Clearance Type: Application for ToR (Category A, B1, and B2 Violation)/EC (Category B2) - Form 1 S/W No.: SW/273198/2026",Pandabeswar Sand Mine-Sand Block ID-MIN_WBUR_14,WEST BENGAL,WEST BENGAL MINERAL DEVELOPMENT AND TRADING CORPORATION LIMITED,Category: B1 Sector: Non-Coal Mining Date of Submission: 24/01/2026,SEIAA,Proposal Accepted and Referred to SEAC,"Mouza: Ramnagar, JL-003, Plot No. 1193 & 1194, Post: Ramnagar, Block & PS- Pandabeswar, Dist- Paschim Bardhaman-713324. Sand Mine Project Area- 12.28 Ha/ 30.34 Acre"
11,IA/WB/IND1/565816/2026,Clearance Type: Application for amendment in ToR (for categories A & B1)/Amendment in EC (for category B2)- Form-3 S/W No.: SW/272508/2026,"Expansion of M/s Rabindra Enterprises Pvt Ltd for enhancement of sponge iron production from 30,000TPA to 181,500TPA, installation of 3x20Ton Induction Furnaces with CCM (6/11m) for production of 198,000 TPA MS Billets along with 20MW Captive Power Plant (12MW WHRB & 8MW CFBC) at Village: Inanpur, P.O. Digha, Dist. Purulia, West Bengal.",WEST BENGAL,RABINDRA ENTERPRISES PVT LTD,Category: A Sector: Industrial Projects - 1 Date of Submission: 21/01/2026,MOEFCC,Proposal Accepted and Referred to EAC,"Enhancement of sponge iron production from 30,000TPA to 181,500TPA, installation of 3x20Ton Induction Furnaces with CCM (6/11m) for production of 198,000 TPA MS Billets along with 20MW Captive Power Plant (12MW WHRB & 8MW CFBC)"
12,SIA/WB/MIN/563679/2026,Clearance Type: Application for EC for Mining of Minor Minerals of Mine Lease (0-5 HA) - Form-2 S/W No.: SW/270712/2025,Katigram Sand Mine – (Sand Block Code -Bir/Mayureswar-I/Katigram/216/2016),WEST BENGAL,G D MINING PRIVATE LIMITED,Category: B2 Sector: Non-Coal Mining Date of Submission: 07/02/2026,SEIAA,Under Verification,"SAND BLOCK – Katigram Sand Mine – (Sand Block Code -Bir/Mayureswar-I/Katigram/216/2016) is situated at J. L. No. 59, Plot No. 1660(P) , Mouza –Katigram, Village –Katigram, Police Station – Mayureswar, District – Birbhum, State - West Bengal and it lies on Dwaraka River comprising an area of 1.25 Hectare (3.10 Acres). The block is having replenishable geological resource of riverbed materials consist of mainly Sand in a tune of around 1,51,200 cum in 5 years considering replenishment rate of 75.8"
13,SIA/WB/IND1/563984/2026,"Clearance Type: Application for ToR (Category A, B1, and B2 Violation)/EC (Category B2) - Form 1 S/W No.: SW/270963/2026",Greenfield Project for manufacturing of 300000 TPA Cold Rolling / Galvanized Plane / Galvanized corrugated Sheet & Coil / Color Coated Sheets by M/S CAPTAIN BUILDING PRODUCTS PRIVATE LIMITED,WEST BENGAL,RAMESH KUMAR JHUNJHUNWALA,Category: B1 Sector: Industrial Projects - 1 Date of Submission: 02/01/2026,SEIAA,Referred to SEIAA,300000 TPA Cold Rolling / Galvanized Plane / Galvanized corrugated Sheet & Coil / Color Coated Sheets
14,SIA/WB/MIN/565948/2026,Clearance Type: Application for Amendment in EC- Form-4 S/W No.: SW/185826/2024,Taherpur Sand Mine,WEST BENGAL,ALOK SEN,Category: B1 Sector: Non-Coal Mining Date of Submission: 19/01/2026,SEIAA,Proposal Accepted and Referred to SEAC,"Applicant Alok Sen is the successful highest bidder of Sand Block No.: GALSI-II/TAHERPUR/1192(P)/A participating in sand block auction conducted by Government of West Bengal and will obtain sand mining lease after deed registration. The mining lease will be granted over an area of 3.78 Hectares/9.35 Acres on river Damodar at plot no: 1192(P), J.L. No.-088, Mouza: Taherpur, P.S. Galsi, District: Purba Bardhaman, State: West Bengal. Mine plan was prepared by Shri Pritam Kumar Saha (QP) and was app"
15,IA/WB/IND1/567804/2026,Clearance Type: Application for No Increase in Pollution Load - Form-10 S/W No.: SW/274373/2026,"Application of “No Increase in Pollution Load” Certificate for Change in Production Capacity of TMT Bars from 1,50,000 TPA to 2,50,000 TPA by Modification through Technological Upgradation and Operational Improvement of Rolling Mill and Allied Machineries by M/s. Amit Metaliks Ltd. at Dr. Hahneman Sarani, Raturia-Angadpur Industrial Area, Durgapur, Dist- Paschim Bardhaman, Pin-713215, West Bengal",WEST BENGAL,AMIT METALIKS LIMITED,Category: B1 Sector: Date of Submission: 04/02/2026,MOEFCC,INTIMATED,"It is an application of “No Increase in Pollution Load” Certificate for Change in Production Capacity of TMT Bars from 1,50,000 TPA to 2,50,000 TPA by Modification through Technological Upgradation and Operational Improvement of Rolling Mill and Allied Machineries."
16,IA/WB/IND1/567940/2026,Clearance Type: Application for No Increase in Pollution Load - Form-10 S/W No.: SW/274501/2026,Application for “No Increase in Pollution Load” Certificate for Increase in Production capacity of Pelletization Plant with Modification in Equipment,WEST BENGAL,TECH AIC DRI PELLETS PRIVATE LIMITED,Category: A Sector: Date of Submission: 04/02/2026,MOEFCC,INTIMATED,It is a proposal for “No Increase in Pollution Load” Certificate for Increase in Production capacity of Pelletization Plant with Modification in Equipment
17,SIA/WB/MIN/563706/2026,Clearance Type: Application for EC for Mining of Minor Minerals of Mine Lease (0-5 HA) - Form-2 S/W No.: SW/270736/2025,Sand and Stone Block – Harivita Part II Sand and Stone Mine (Harivita Part II),WEST BENGAL,FALCON ABASAN PVT. LTD.,Category: B2 Sector: Non-Coal Mining Date of Submission: 18/01/2026,SEIAA,Under Verification,"Harivita Part II Sand and Stone Mine (Harivita Part II) is situated at J. L. No. – 42, Plot No. 72, 74, 75, 94 , 96, 113,117, 119, 130, 124, 134, 135, 167, 181, 182, 184, 163, 164 & 392., Mouza – Harivita, Village – Harivita, Police Station – Phansidewa, District – Darjeeling, State - West Bengal and it lies on Chenga River comprising an area of 2.00 Hectare (4.94 Acres). The block is having replenishable geological resource of riverbed materials consists of Sand, Gravel and Pebbles in a tune of"
18,SIA/WB/INFRA2/565637/2026,"Clearance Type: Application for ToR (Category A, B1, and B2 Violation)/EC (Category B2) - Form 1 S/W No.: SW/272373/2026",Residential cum Commercial Building By Sens Hospitality Enterprises Pvt. Ltd.,WEST BENGAL,Sens hospitality enterprises private limited,Category: B2 Sector: INFRA-2 Date of Submission: 15/01/2026,SEIAA,Under Verification,This is a Residential cum commercial project.
19,SIA/WB/INFRA2/564449/2026,"Clearance Type: Application for ToR (Category A, B1, and B2 Violation)/EC (Category B2) - Form 1 S/W No.: SW/261300/2025",Environmental Clearance for Jagannath Gupta Institute of Medical Sciences & Hospital- North Kolkata (A Unit of Ayansh Welfare Trust),WEST BENGAL,AYANSH WELFARE TRUST,Category: B2 Sector: INFRA-2 Date of Submission: 07/01/2026,SEIAA,Under Verification,A combined healthcare and educational facility offering both hospital services and medical college training under one campus.
20,SIA/WB/INFRA2/562737/2026,"Clearance Type: Application for ToR (Category A, B1, and B2 Violation)/EC (Category B2) - Form 1 S/W No.: SW/266618/2025",Commercial Complex,WEST BENGAL,DEVELOPMENT CONSULTANTS PRIVATE LIMITED,Category: B2 Sector: INFRA-2 Date of Submission: 14/01/2026,SEIAA,Proposal Accepted and Referred to SEAC,"The proposed project is development of a commercial complex by Development Consultants Private Limited in Salt Lake, Sector V, Kolkata. The project will consists of 3 towers and a podium block."
21,IA/WB/IND1/551990/2026,"Clearance Type: Application for ToR (Category A, B1, and B2 Violation)/EC (Category B2) - Form 1 S/W No.: SW/260323/2025","Establishment of Steel plant for the production of 4,29,000 TPA Sponge Iron, 4,12,500 TPA MS Billets, 3,96,000 TPA MS Rolled products, 1,07,136 TPA (max.) Ferro Alloys (Si-Mn, Fe-Mn, Fe-Si, Fe-Cr, Fe-Si-Cr, Pig Iron or combination of any) with 1,65,000 TPA Briquettes, 1,65,000 TPA Sinter & 80 MW Captive Power Plant along with allied facilities by M/s Maa Kali Steel & Power Private Limited at Village: Srirampur, PO & PS: Salanpur, District: Paschim Bardhaman, West Bengal.",WEST BENGAL,MAA KALI STEEL & POWER PRIVATE LIMITED,Category: A Sector: Industrial Projects - 1 Date of Submission: 31/01/2026,MOEFCC,Proposal pulled back (withdrawn),"The proposed proposal is for Establishment of Steel plant for the production of 4,29,000 TPA Sponge Iron, 4,12,500 TPA MS Billets, 3,96,000 TPA MS Rolled products, 1,07,136 TPA (max.) Ferro Alloys (Si-Mn, Fe-Mn, Fe-Si, Fe-Cr, Fe-Si-Cr, Pig Iron or combination of any) with 1,65,000 TPA Briquettes, 1,65,000 TPA Sinter & 80 MW Captive Power Plant along with allied facilities"
22,IA/WB/THE/564657/2026,Clearance Type: Application for Amendment in EC- Form-4 S/W No.: SW/271350/2026,"Amendment in Environmental Clearance for Seeking review of applicability of Sulphur dioxide standards and exemption from installation of FGD as per MoEF&CC notification dated 11.07.2025 for 2×300 MW Coal Based Thermal Power Plant at Baneshwarchak, Haldia, District- Purba Medinipur, West Bengal.",WEST BENGAL,HALDIA ENERGY LIMITED,Category: A Sector: Thermal Projects Date of Submission: 05/02/2026,MOEFCC,Proposal Accepted and Referred to EAC,Haldia Energy Limited has proposed amendment in Environmental clearance dated 01.10.2008 (name change in EC vide letter 18.01.2010) w.r.t condition no 3(vi) requesting exemption from installation of FGD pursuant to MoEF&CC Gazette G.S.R. 465(E) dated 11.07.2025.
23,SIA/WB/MIN/564795/2026,"Clearance Type: Application for ToR (Category A, B1, and B2 Violation)/EC (Category B2) - Form 1 S/W No.: SW/271702/2026",Dangariai Sand Mine on Subarnarekha River of Shrikanta Mondal,WEST BENGAL,PRASHANTA MONDAL,Category: B1 Sector: Non-Coal Mining Date of Submission: 09/01/2026,SEIAA,ADS Raised,"Applicant Shrikanta Mondal is the successful highest bidder for Sand Block No- MGB-162 following the recent auction conducted by the Government of West Bengal and will obtain sand mining lease after deed registration. The mining lease will be granted over an area of 5.00 Hectares / 12.35 Acres, due to falling under non potential zone, we are surrendering 0.95 Hectare from the total project area and the revised project area now stands at 4.05 Hectares/10.00 Acres on river Subarnarekha at Plot no:"
24,SIA/WB/MIN/566408/2026,"Clearance Type: Application for ToR (Category A, B1, and B2 Violation)/EC (Category B2) - Form 1 S/W No.: SW/273042/2026",Khariparia (MGB-96) Sand Mine,WEST BENGAL,PREMANKUR MAITY,Category: B1 Sector: Non-Coal Mining Date of Submission: 27/01/2026,SEIAA,Proposal Accepted and Referred to SEAC,"Applicant Premankur Maity is the successful highest bidder of Sand Block No.: MGB-96 participating in sand block auction conducted by Government of West Bengal and will obtain sand mining lease after deed registration. The mining lease will be granted over an area of 5.00 Hectare/12.35 Acres on river Subarnarekha at plot no: 159(P), J.L. No.-251, Mouza: Khariparia, P.S.: Beliaberah, District: Jhargram, State: West Bengal."
25,SIA/WB/MIN/566529/2026,Clearance Type: Application for EC for Mining of Minor Minerals of Mine Lease (0-5 HA) - Form-2 S/W No.: SW/273127/2026,Metayala Quartz Mine,WEST BENGAL,MAITHAN ALLOYS LIMITED,Category: B2 Sector: Non-Coal Mining Date of Submission: 03/02/2026,SEIAA,Under Verification,"Metayala Quartz Mine (Applicant- Maithan Alloys Limited), over an area of 1.845 Ha is situated in Village- Metayala, Block- Manbazar-I, District- Purulia & State West Bengal. It is an existing mine. A Letter of Intent (LoI) for Metayala Quartz Mine (Quartz block Auction ID 2O17_WB_533) was issued on 27.06.2O18 for Maithan Alloys Limited via Memo No. VI/1559(1)/2800/M/2O17 Dated, Purulia the, 27.06.2O18. The Environment Clearance was granted by District Level Environment Impact Assessment Authori"
26,SIA/WB/MIN/565200/2026,"Clearance Type: Application for EC (Category A, B1, and B2 Violation)- Form 1 S/W No.: SW/119596/2023",WB_BIR_AJ_A1_B Sand Mine,WEST BENGAL,WEST BENGAL MINERAL DEVELOPMENT AND TRADING CORPORATION LIMITED,Category: B1 Sector: Non-Coal Mining Date of Submission: 03/02/2026,SEIAA,Under Verification,"WB_BIR_AJ_A1_B Sand Mine belongs to Ajay River bed which is located at Mouza: Tamra, plot no: 1629/1638, 1049/1634, J.L. No.-87, P.S.: Khairasole, District: Birbhum, State: West Bengal."
27,IA/WB/IND1/555135/2026,"Clearance Type: Application for ToR (Category A, B1, and B2 Violation)/EC (Category B2) - Form 1 S/W No.: SW/263084/2025","Greenfield Steel Plant-Pellet Plant-12,00,000 TPA, Sponge Iron-10,89,000 TPA, Hot Billets/Ingots through IF-5,23,000 TPA & through EAF- 2,67,000 TPA, Merchant Rolling Mill -Structure- Light/Heavy, Pipes- ERW/GI Pipe/Seamless, TMT, Wire Rod, Round- with RHF of 4,95,000 TPA, PGP for Pellet plant & Rolling mill-5 x 6500 Nm3/hr, SEAFs of 4 x 9 MVA (FeSi/ FeMn/SiMn/FeCr/Pig Iron), Briquetting Plant of 200 kg/hr, WHRB–105 MW,FBC–40 MW, Forging Plant of 50,000TPA,Fly Ash Brick (72,000 Bricks/Day)",WEST BENGAL,NAKSHIT IRON & STEEL PRIVATE LIMITED,Category: A Sector: Industrial Projects - 1 Date of Submission: 05/02/2026,MOEFCC,Under Examination,"Establishment of Greenfield Steel Plant comprising of Pellet Plant of 12,00,000 TPA, Sponge Iron of 10,89,000 TPA, Hot Billets/Ingots through IF-5,23,000 TPA & through EAF- 2,67,000 TPA, Merchant Rolling Mill -Structure- Light/Heavy, Pipes- ERW/GI Pipe/ Seamless, TMT, Wire Rod, Round- with RHF of 4,95,000 TPA, Producer Gas Plant for Pellet plant & Rolling mill) of 5 x 6500 Nm3/hr, SEAFs of 4 x 9 MVA (FeSi-28,000 TPA / FeMn- 80,000 TPA / SiMn-56,000 TPA / FeCr-60,000 TPA/ Pig Iron-96,000TPA), Bri"
28,SIA/WB/IND3/564961/2026,"Clearance Type: Application for ToR (Category A, B1, and B2 Violation)/EC (Category B2) - Form 1 S/W No.: SW/271140/2026","Setting up manufacturing unit of 10200 TPA of Urea-Formaldehyde Resin, 4200 TPA of Alkyd Resin, 10200 TPA of Phenol- Formaldehyde Resin",WEST BENGAL,HINDCON SPECIALITY CHEMICALS LLP,Category: B1 Sector: Industrial Projects - 3 Date of Submission: 24/01/2026,SEIAA,Proposal Accepted and Referred to SEAC,"Setting up manufacturing unit of 10200 TPA of Urea-Formaldehyde Resin, 4200 TPA of Alkyd Resin, 10200 TPA of Phenol- Formaldehyde Resin"
29,SIA/WB/INFRA2/565907/2026,"Clearance Type: Application for EC (Category A, B1, and B2 Violation)- Form 1 S/W No.: SW/251354/2025","ENVIRONMENTAL CLEARANCE FOR PROPOSED RESEDENTIAL COMPLEX AND ROW HOUSING BY M/s. DTC PROJECTS Pvt. Ltd. at DAG NO. 833 AND 884 AT MOUZA - KAMDUNI (188), UNDER KIRTIPUR-II GRAM PANCHAYAT, P.O - KAMDUNI, DISTRICT- NORTH 24 PARGANAS, PIN - 700135, WEST BENGAL.",WEST BENGAL,DTC PROJECTS PRIVATE LIMITED,Category: B1 Sector: INFRA-2 Date of Submission: 19/01/2026,SEIAA,Proposal Accepted and Referred to SEAC,It is an Residential Building Project
30,SIA/WB/MIN/564337/2026,Clearance Type: Application for EC for Mining of Minor Minerals of Mine Lease (0-5 HA) - Form-2 S/W No.: SW/223265/2024,TALGRAM SAND MINE (BHARATPUR-1),WEST BENGAL,AMBEY NIWAS PRIVATE LIMITED,Category: B2 Sector: Non-Coal Mining Date of Submission: 05/01/2026,SEIAA,Proposal Accepted and Referred to SEAC,TALGRAM SAND MINE (Sand Block Code - BHARATPUR-1)
31,IA/WB/IND3/565682/2026,"Clearance Type: Application for ToR (Category A, B1, and B2 Violation)/EC (Category B2) - Form 1 S/W No.: SW/272408/2026",Setting up of Coal to Synthetic Natural Gas (SNG) Plant by Coal Gas India Limited (CGIL),WEST BENGAL,coal gas india limited,Category: A Sector: Industrial Projects - 3 Date of Submission: 15/01/2026,MOEFCC,Standard ToR Granted,"• Coal Gas India Limited (CGIL), A joint venture between Coal India Limited (CIL) and GAIL(India) Limited. This partnership was established to set up a coal-to synthetic natural gas (SNG) at Mauza- Jamsole (J.L No 48) & Chakdola (J.L No 58) P.S – Jamuria, Dist- Paschim Bardhaman (West Bengal). • CGIL intends to set up a Coal Gasification plant of required size having tentative consumption of raw coal in tune of 5856 MTPD (Metric Tonnes per day) to produce Syngas for the production of 80,000 Nm3/"
32,IA/WB/IND2/565527/2026,Clearance Type: Application for Amendment in EC- Form-4 S/W No.: SW/174251/2024,"Environmental Clearance for Increase in Propylene, Phenol and Acetone (within 20% capacity) alongwith Olefine Conversion Unit (OCU) at the existing plant facility at Tehsil Sutahata-I, Haldia, Dist. East Medinipur, West Bengal By M/s. Haldia Petrochemicals Ltd.",WEST BENGAL,HALDIA PETROCHEMICALS LIMITED,Category: A Sector: Industrial Projects - 2 Date of Submission: 17/01/2026,MOEFCC,Proposal Accepted and Referred to EAC,"Haldia Petrochemicals Limited (HPL) is an integrated Petrochemical producer located at Haldia in West Bengal. The complex produces wide variety of Polymers (HDPE, LLDPE and PP) and Chemicals (Benzene, Butadiene, LPG, Pyrolysis Gasoline, Motor Spirit, Cyclopentane etc.). Recently, EC for Expansion of Phenol Capacity and Olefin Conversion Unit was undertaken vide EC Letter dated 08.08.2024 which was split and transferred in favour of M/s AdPlus Chemicals and Polymers Private Limited vide EC letter"
33,IA/WB/IND1/564664/2026,"Clearance Type: Application for ToR (Category A, B1, and B2 Violation)/EC (Category B2) - Form 1 S/W No.: SW/271499/2026",INTEGRATED STEEL PLANT OF 4.5 MILLION TPA (FINISHED STEEL) WITH 680 MW CAPTIVE POWER PLANT,WEST BENGAL,ORISSA ALLOY STEEL PVT. LTD.,Category: A Sector: Industrial Projects - 1 Date of Submission: 30/01/2026,MOEFCC,EDS Raised,"A Greenfield Integrated Steel Plant of capacity 4.5 Million Ton Per Annum (Finished Steel) along with 680 MW (440 MW WHRB based & 240 MW Middling and Dolochar mix based) Captive Power Plant on land measuring 938 acres at Jangal Sundari Karmanagari (JSK), Mouja – Durmut (J.L. No. 155), Layekdi (J.L. No. 153) & Nutandih (J.L. No. 157), P.S. – Raghunathpur, Dist. - Purulia, West Bengal- 723133."
34,IA/WB/THE/564818/2026,Clearance Type: Application for Amendment in EC- Form-4 S/W No.: SW/271601/2026,Durgapur Captive Power Project-Ill (2x20 MW) by M/s. NTPC-SAIL Power Company Ltd.,WEST BENGAL,NTPC SAIL POWER COMPANY LIMITED,Category: A Sector: Thermal Projects Date of Submission: 08/01/2026,MOEFCC,EDS Raised,"NTPC-SAIL Power Company Limited (NSPCL) is proposing an amendment in the existing Environmental Clearance of its 2 × 20 MW coal-based captive power plant located at Durgapur, Burdwan District, West Bengal. Exemption is with reference to  G.S.R. 465(E) dated 11.07.2025 for the  installation of Flue Gas Desulphurization (FGD) system."
35,SIA/WB/MIN/564321/2026,"Clearance Type: Application for EC (Category A, B1, and B2 Violation)- Form 1 S/W No.: SW/185761/2024",Palla Sand Mine,WEST BENGAL,MAA DURGA COAL TRADERS,Category: B1 Sector: Non-Coal Mining Date of Submission: 27/01/2026,SEIAA,Under Verification,"Applicant Maa Durga Coal Traders (Authorized Signatory – Ramjanam Yadab) is the successful highest bidder of Sand Block No.: MEMARI-I/PALLA/4031(P)&OTHS8/C participating in sand block auction conducted by Government of West Bengal and will obtain sand mining lease after deed registration. The mining lease will be granted over an area of 2.05 Hectare/5.07 Acres on river Damodar at plot no: 4031(P),4037(P),4038(P),4039(P),4049(P),4097(P),4098(P); J.L. No.- 45, Mouza: Palla, P.S.- Memari, District:"
36,IA/WB/IND1/562136/2026,"Clearance Type: Application for EC (Category A, B1, and B2 Violation)- Form 1 S/W No.: SW/209515/2024",Proposed Expansion cum Modification of Existing Steel Plant.,WEST BENGAL,JAI BALAJI INDUSTRIES LTD,Category: A Sector: Industrial Projects - 1 Date of Submission: 28/01/2026,MOEFCC,EDS Raised,"Proposed expansion cum modification of existing steel plant by capacity enhancement of Iron Ore Beneficiation Plant from 0.6 MTPA to 1.2 MTPA, capacity enhancement of Iron Ore Pellet Plant from 0.6 MTPA to 1.2 MTPA, capacity enhancement of existing Coal Washery from 0.216 MTPA to 0.84 MTPA, change of configuration & capacity of DRI Kilns from (1x500 TPD + 1x350 TPD) to (2x500 TPD) and retention of existing 7x50 TPD DRI Kilns, 3x16 MVA Submerged Arc Furnaces (New), 1x1,00,000 TPA capacity PCI Uni"
37,SIA/WB/MIN/557799/2026,Clearance Type: Application for EC for Mining of Minor Minerals of Mine Lease (0-5 HA) - Form-2 S/W No.: SW/265409/2025,Kashkuli Black Stone Deposit,WEST BENGAL,NAND KISHORE SHARMA,Category: B2 Sector: Non-Coal Mining Date of Submission: 03/02/2026,SEIAA,Under Verification,"KASHKULI BLACK STONE DEPOSIT (Applicant- Nand Kishore Sharma), over an area of 1.030 Ha is situated in JL No.- 04, Plot no.- 1030, Village- Kashkuli, Block- Barabani, District– Paschim Bardhaman & State West Bengal. It is a fresh lease. Letter of Intent (LoI) was issued to Nand Kishore Sharma by the West Bengal Mineral Development and Trading Corporation Limited (WBMDTCL), Government of West Bengal vide LOI no. WBD/BS/2023/5/2023-23 dated 31/05/2023 for a total area of 1.030 ha. Later LoI was ex"
38,SIA/WB/MIN/561872/2026,Clearance Type: Application for EC for Mining of Minor Minerals of Mine Lease (0-5 HA) - Form-2 S/W No.: SW/269103/2025,"Nepura, Kantapal, & Mangalapur (MIN_WMED_37) Sand Mine",WEST BENGAL,WEST BENGAL MINERAL DEVELOPMENT AND TRADING CORPORATION LIMITED,Category: B2 Sector: Non-Coal Mining Date of Submission: 02/01/2026,SEIAA,Under Verification,"Nepura, Kantapal, & Mangalapur (MIN_WMED_37) Sand Mine is located on the Shilabati River bed at Mouza: Nepura, Kantapal, & Mangalapur, Area- 1.20 Ha/ 2.97 Ac, Plot Nos. Nepura – 1(P), 2(P), 53(P), Kantapal – 1129(P), Mangalapur – 1(P), 74(P), 463(P), J.L. No. 408,407,409, Block: Garhbeta 1, District: Paschim Medinipur, State: West Bengal."
39,SIA/WB/MIN/563688/2026,"Clearance Type: Application for ToR (Category A, B1, and B2 Violation)/EC (Category B2) - Form 1 S/W No.: SW/270719/2025",Lohatikri Sand Mine (MSB-2),WEST BENGAL,ANINDU KUMAR DE,Category: B1 Sector: Non-Coal Mining Date of Submission: 29/01/2026,SEIAA,Proposal Accepted and Referred to SEAC,"Lohatikri Sand Mine (MSB-2) is situated at J. L. No. – 136, Plot No. 695(P) & 697(P), Mouza – Lohatikri, Village – Lohatikri, Police Station – Gurguripal, District – Paschim Medinipur, State - West Bengal and it lies on Kangsabati River comprising an area of 5.00 Hectare (12.35 Acres). The block is having replenishable geological resource of riverbed materials consists of mainly Sand in a tune of around 6,91,980 cum in 5 years considering replenishment rate of 90.33%. Barring the safety zone and"
40,SIA/WB/MIN/562625/2026,Clearance Type: Application for EC for Mining of Minor Minerals of Mine Lease (0-5 HA) - Form-2 S/W No.: SW/269802/2025,Garhbeta Sand Block MGARB-29,WEST BENGAL,PRABHAS GHOSH,Category: B2 Sector: Non-Coal Mining Date of Submission: 15/01/2026,SEIAA,Proposal Accepted and Referred to SEAC,"Garhbeta Sand Block MGARB-29 is situated at J. L. No. 406, Plot No. 1255 (p), 1256 (p), 1257 (p), 1258 (p), 1259 (p), 1261 (p), 1263 (p) & 1416 (p), Mouza — Suniakon, Village — Suniakon, Police Station — Garbeta, District —Paschim Medinipur, State - West Bengal and it lies on Shilabati River comprising an area of 0.96 Hectare (2.37 Acres). The block is having replenishable geological resource of riverbed materials consists of mainly Sand in a tune of around 1,12,156.80 cum in 5 years considering"
41,IA/WB/IND1/560480/2026,"Clearance Type: Application for ToR (Category A, B1, and B2 Violation)/EC (Category B2) - Form 1 S/W No.: SW/267805/2025","Proposed Expansion of Ferro Alloy Plant By Installing 1 X 6.5 MVA Submerged Arc Furnace At Village- Banshgara, P.O.: Sarpi, P.S. Laudoha, Faridpur, Durgapur : 713363, Dist.: Paschim Burdwan, West Bengal by M/s Maa Vaishnavi Chemical Industries Pvt. Ltd.",WEST BENGAL,maa vaishnavi chemical industries private limited,Category: A Sector: Industrial Projects - 1 Date of Submission: 02/01/2026,MOEFCC,Proposal returned in present form,"M/s Maa Valshnavi Chemical Industries Private Limited is currently operating High Carbon Ferro Manganese (7000 TPA) OR High Carbon Silico Manganese (5400TPA) OR High Carbon Ferro Silicon (2700 TPA) with Electric Submerged Arc Furnace of 1 X 3.5 MVA at Village : Banshgara, P.O. Sarpi, PS. : Laudoha, Durgapur-713363, Dist. : Paschim Burdwan, W.B. Due to massive expansion Growth in Steel & Stainless Steel Industries the Demand for the Core Products have been strengthened, Since the Company’s facili"
42,SIA/WB/INFRA2/568089/2026,"Clearance Type: Application for ToR (Category A, B1, and B2 Violation)/EC (Category B2) - Form 1 S/W No.: SW/274618/2026","Environmental Clearance for Proposed Residential Housing Project ""UDDGITA"" by M/s. AMBUJA HOUSING AND URBAN INFRASTRUCTURE COMPANY LIMITED at Mouza -Kalikapur, J.L. No. 40, Patharghata gram panchayat, P.S. - New Town (Formerly Rajarhat), District -North 24 Parganas, West Bengal",WEST BENGAL,AMBUJA HOUSING AND URBAN INFRASTRUCTURE COMPANY LIMITED,Category: B1 Sector: INFRA-2 Date of Submission: 07/02/2026,SEIAA,Under Examination,This is a proposed residential housing project.
43,SIA/WB/INFRA2/564162/2026,"Clearance Type: Application for ToR (Category A, B1, and B2 Violation)/EC (Category B2) - Form 1 S/W No.: SW/271146/2026",Expansion of Residential cum Commercial Complex by Almits Developers LLP,WEST BENGAL,ALMITS DEVELOPERS LLP,Category: B2 Sector: INFRA-2 Date of Submission: 05/01/2026,SEIAA,Proposal Accepted and Referred to SEAC,This is a residential cum commercial complex
44,SIA/WB/INFRA2/564137/2026,"Clearance Type: Application for ToR (Category A, B1, and B2 Violation)/EC (Category B2) - Form 1 S/W No.: SW/270877/2026",Development of Non-Executive Residential Housing,WEST BENGAL,STEEL AUTHORITY OF INDIA LTD,Category: B2 Sector: INFRA-2 Date of Submission: 05/01/2026,SEIAA,DELISTED BY SYSTEM (at : 06/02/2026),Development of Non-Executive Residential Housing
45,SIA/WB/INFRA2/562899/2026,"Clearance Type: Application for ToR (Category A, B1, and B2 Violation)/EC (Category B2) - Form 1 S/W No.: SW/270020/2025",Residential cum Commercial complex by DPR Infra Developers Private Limited,WEST BENGAL,DPR INFRA DEVELOPERS PRIVATE LIMITED,Category: B2 Sector: INFRA-2 Date of Submission: 20/01/2026,SEIAA,Proposal Accepted and Referred to SEAC,This is a residential cum commercial project
46,SIA/WB/MIN/508698/2026,"Clearance Type: Application for ToR (Category A, B1, and B2 Violation)/EC (Category B2) - Form 1 S/W No.: SW/220113/2024",Simulia (BIR/MD.BAZAR/SIMULIA/030/2016) Sand Mine,WEST BENGAL,MADAN MONDAL,Category: B1 Sector: Non-Coal Mining Date of Submission: 04/02/2026,SEIAA,Under Examination,"Applicant Madan Mohan Mondal is the successful highest bidder for Sand Block No. BIR/MD.BAZAR/SIMULIA/030/2016 following the recent auction conducted by the Government of West Bengal and will obtain sand mining lease after deed registration. The Lease was registered on dated 30.03.2023 (Lease Deed No. I- 0301-05150/2023). The mining lease will be granted over an area of 4.65 Hectare/ 11.48 Acres on river Mayurakshi at Plot no: 442(P) & 452(P), in Mouza: Simulia, P.S.- M.D Bazar, J.L. No.- 138, D"
47,SIA/WB/IND1/568124/2026,Clearance Type: Application for Validity Extension of EC- Form-6 S/W No.: SW/273739/2026,JK LAKSHMI CEMENT LIMITED,WEST BENGAL,JK LAKSHMI CEMENT LIMITED,Category: B1 Sector: Industrial Projects - 1 Date of Submission: 05/02/2026,SEIAA,Under Verification,"Proposed 1.5 MTPA cement Grinding Unit along with DG sets of capacity 2x5 MW, at village Benagari and Mukundur, PS Durlavpur, District Bankura, WB"
48,SIA/WB/MIN/509561/2026,Clearance Type: Application for EC for Mining of Minor Minerals of Mine Lease (0-5 HA) - Form-2 S/W No.: SW/220918/2024,Muradihi Sand Mine,WEST BENGAL,loknath automobile,Category: B2 Sector: Non-Coal Mining Date of Submission: 29/11/2024,SEIAA,DELISTED BY SYSTEM (at : ),"Applicant Arup Ratan Bhattacharyya Partner of Loknath Automobile, is the successful highest bidder of Sand Block No.: BIR/SAINTHIA/MURADIHI/050/2016 participating in sand block auction conducted by Government of West. The mining lease will be granted over an area of 3.47 Hectare/8.58 Acres on river Mayurakshi at plot no: 141(P); J.L. No.- 97, Mouza: Muradihi, P.S.- Sainthia, District: Birbhum, State: West Bengal."
49,IA/WB/IND1/551796/2026,"Clearance Type: Application for EC (Category A, B1, and B2 Violation)- Form 1 S/W No.: SW/138784/2023",Proposed expansion of existing steel plant.,WEST BENGAL,AIC IRON INDUSTRIES PRIVATE LIMITED,Category: A Sector: Industrial Projects - 1 Date of Submission: 03/02/2026,MOEFCC,Under Examination,"Due to space constraint the actual Project Name is given below: Proposed expansion of existing steel plant by installation of 1X0.5 MTPA capacity Sinter Plant, 1X500 M3 capacity MBF, 3x650 TPD DRI Kilns, 6x25 T Induction Furnaces, 1x25 T Electric Arc Furnaces along with 1x15 TPH Slag Crusher unit, Enhancement (through optimization in operation) the production capacity of 4x15 T + 2X10 T Induction Furnaces (as per EC 2010 & 2023), 3x12 MVA capacity Submerged Arc Furnaces, 1x0.3 MTPA capacity Roll"
50,SIA/WB/IND1/563244/2026,"Clearance Type: Application for EC (Category A, B1, and B2 Violation)- Form 1 S/W No.: SW/142560/2023","Proposed Installation of Hot & Cold Rolling Mill Plant at Plot No.220 (Full), 221 (P) & 222 (P), Nachan Road, Mouza-Kamalpur, J.L No. 47, P.S & P.O.-Durgapur, District-Paschim Bardhaman, State-West Bengal by M/s Sharp Ferro Alloys Ltd.",WEST BENGAL,SHARP FERRO ALLOYS LIMITED,Category: B1 Sector: Industrial Projects - 1 Date of Submission: 15/01/2026,SEIAA,EDS raised,"M/s Sharp Ferro Alloys Ltd. has proposed expansion of its existing plant of liquid metal production in 1. 2 X 8 T Induction Furnace (IF) , 2. Continuous Casting Machine (CCM) : 2 Strand ,3. 1 X 7.5 & 5 X 9 MVA Submerged Arc Furnace (SAF) by installing Hot Rolling & Cold Mill Plant for production of TMT Bars/Flats & Stainless Steel (SS) at Plot No.220 (Full), 221 (P) & 222 (P), Nachan Road, Mouza-Kamalpur, J.L No. 47, P.S & P.O.-Durgapur, District-Paschim Bardhaman, State-West Bengal. Proposed Pr"
51,IA/WB/IND1/567884/2026,"Clearance Type: Application for ToR (Category A, B1, and B2 Violation)/EC (Category B2) - Form 1 S/W No.: SW/274457/2026","Proposed Integrated Steel plant: Sponge Iron (4,29,000 TPA), SMS with LRF, CCM & MRP (4,12,500 TPA), SAF (max.1,07,136 TPA) {71,424 TPA Si-Mn/ 97,029 TPA Fe-Mn/ 32,141 TPA Fe-Si/ 67,665 TPA Fe-Cr/ 44,332 TPA Fe-Si-Cr/ 1,07,136 TPA Pig Iron or combination of any) including Briquetting plant (1,65,000 TPA) & Sinter plant (1,65,000 TPA), EAF (52,800 TPA Low Carbon Fe-Cr) & MRP, Rolling Mill (3,96,000 TPA) & Captive Power Plant (40 MW WHRB & 40 MW CFBC)",WEST BENGAL,DSMT ROLLING MILLS PRIVATE LIMITED,Category: A Sector: Industrial Projects - 1 Date of Submission: 04/02/2026,MOEFCC,Under Examination,"M/s DSMT Rolling Mills Private Limited is proposing Integrated Steel plant: Sponge Iron (4,29,000 TPA), SMS with LRF, CCM & MRP (4,12,500 TPA), SAF (max.1,07,136 TPA) {71,424 TPA Si-Mn/ 97,029 TPA Fe-Mn/ 32,141 TPA Fe-Si/ 67,665 TPA Fe-Cr/ 44,332 TPA Fe-Si-Cr/ 1,07,136 TPA Pig Iron or combination of any) including Briquetting plant (1,65,000 TPA) & Sinter plant (1,65,000 TPA), EAF (52,800 TPA Low Carbon Fe-Cr), Rolling Mill (3,96,000 TPA) & Captive Power Plant (40 MW WHRB & 40 MW CFBC) at Villag"
52,SIA/WB/MIN/565626/2026,"Clearance Type: Application for ToR (Category A, B1, and B2 Violation)/EC (Category B2) - Form 1 S/W No.: SW/272367/2026",HAIBATPUR SAND MINE,WEST BENGAL,"PALLA SAND MINE, SANTILATA ROY",Category: B1 Sector: Non-Coal Mining Date of Submission: 15/01/2026,SEIAA,Proposal Accepted and Referred to SEAC,"HAIBATPUR SAND MINE, MOUZA-HAIBATPUR,AREA-5.60 ACRES/2.27 HA,J.L NO-04,PLOT NO-819(P),P.S-JAMALPUR, DIST-PURBA BARDHAMAN"
53,SIA/WB/MIN/556062/2026,Clearance Type: Application for EC for Mining of Minor Minerals of Mine Lease (0-5 HA) - Form-2 S/W No.: SW/263526/2025,Raihat Sand Mine,WEST BENGAL,MD HUMAYUN KABIR,Category: B2 Sector: Non-Coal Mining Date of Submission: 31/01/2026,SEIAA,Under Verification,"Applicant MD Humayun Kabir is the successful highest bidder for Sand Block No. BIR/SAINTHIA/RAIHAT/043/2016 following the recent auction conducted by the Government of West Bengal and will obtain sand mining lease after deed registration. The mining lease will be granted over an area of 4.93 Hectare/12.19 Acres on river Mayurakshi at Plot no: 348(P), 349(P), 363(P) & 403(P), in Mouza: Raihat, P.S.- Sainthia, J.L. No.- 24, District: Birbhum, State: West Bengal."
54,IA/WB/IND1/548100/2026,"Clearance Type: Application for ToR (Category A, B1, and B2 Violation)/EC (Category B2) - Form 1 S/W No.: SW/256780/2025","Proposed ISP: Iron Ore Beneficiation Plant (2.8 MTPA), Pelletization Plant (2 MTPA) with PGP (475.2 MNm3/Annum), DRI(1.32 MTPA), SMS with IF (0.75 MTPA) and EAF (0.6 MTPA) with common LRF & CCM, SAF (Max. 0.108616 MTPA){0.108616 MTPA HC FeMn/ 0.09 MTPA MC FeMn/ 0.080034 MTPA SiMn/ 0.0858 MTPA FeCr} with 15 Ton AOD/VD/Converter, Slag Grinding Unit (0.396 MTPA), Oxygen Plant (0.066 MTPA), Rolling Mill (1.28 MTPA), BrickManufacturing Plant(132 million Bricks/Annum)& CPP(160 MW WHRB & 42 MW CFBC)",WEST BENGAL,GIRIDHAN METAL PRIVATE LIMITED,Category: A Sector: Industrial Projects - 1 Date of Submission: 29/01/2026,MOEFCC,EDS Raised,"M/s Giridhan Metal Private Limited is proposing Integrated Steel Plant: Iron Ore Beneficiation Plant (2.8 MTPA), Pelletization Plant (2 MTPA) with PGP (475.2 MNm3 /Annum.), Sponge Iron (1.32 MTPA), SMS with IF (0.75 MTPA) and EAF (0.6 MTPA) with common LRF & CCM, SAF (Max. 0.108616 MTPA){0.108616 MTPA HC FeMn/ 0.09 MTPA MC FeMn/ 0.080034 MTPA SiMn/ 0.0858 MTPA FeCr} with 15 Ton AOD/VD/Converter, Slag Grinding Unit (0.396 MTPA), Oxygen Plant (0.066 MTPA), Rolling Mills (1.28 MTPA), Brick Manufact"
55,SIA/WB/MIN/562385/2026,"Clearance Type: Application for ToR (Category A, B1, and B2 Violation)/EC (Category B2) - Form 1 S/W No.: SW/269569/2025",Gumriyapal Sand Mine,WEST BENGAL,MR. ANINDU KUMAR DE,Category: B1 Sector: Non-Coal Mining Date of Submission: 14/01/2026,SEIAA,Proposal Accepted and Referred to SEAC,"Applicant Anindu Kumar De is the successful highest bidder for Sand Block No- MKHB-11 following the recent auction conducted by the Government of West Bengal and will obtain sand mining lease after deed registration. The mining lease will be granted over an area of 4.5 Hectare/11.1 Acres on river Kangshabati at Plot no: 381 (P), in Mouza: Gumriyapal, P.S.- Kharagpur, J.L. No.- 1, District: Paschim Medinipur, State: West Bengal."
56,IA/WB/IND1/563074/2026,"Clearance Type: Application for ToR (Category A, B1, and B2 Violation)/EC (Category B2) - Form 1 S/W No.: SW/270193/2025","Proposed Installation of Blast Furnace with Pig Casting Machine, Captive Power Plant, Sinter Plant at Mouza–Bamunara P.o-Gopalpur, District-Paschim Bardhaman, State-West Bengal by M/s Kejriwal Castings Limited",WEST BENGAL,KEJRIWAL CASTINGS LIMITED,Category: A Sector: Industrial Projects - 1 Date of Submission: 14/01/2026,MOEFCC,Proposal pulled back (withdrawn),"M/s Kejriwal Castings Limited (KCL) has proposed Installation of Blast Furnace along with CPP (Captive Power Plant), PCI, Oxygen & Nitrogen Plant, Sinter Plant and Coal Gasifier plant at Mouza–Bamunara P.O.-Gopalpur, District-Paschim Bardhaman, State-West Bengal. Proposed Production capacity of the Blast furnace is 225000 TPA and Captive Power Plant (CPP) - 5 MW, PCI - 45000 TPA, Oxygen Plant - 30000 TPA, Nitrogen Plant - 9000 TPA, Sinter Plant - 500000 TPA and Coal Gasifier plant - 30000 M3/ da"
57,SIA/WB/MIN/566862/2026,Clearance Type: Application for amendment in ToR (for categories A & B1)/Amendment in EC (for category B2)- Form-3 S/W No.: SW/235732/2025,MKSHB - 2,WEST BENGAL,VARIETY VYAPAAR PVT LTD,Category: B1 Sector: Non-Coal Mining Date of Submission: 27/01/2026,SEIAA,Proposal Accepted and Referred to SEAC,"Sand Block – MKSHB - 2 is situated at J. L. No. – 141, Plot No. 346 (p) & 347 (p), Mouza – Amilasai, Village – Amilasai, Police Station – Keshiary, District – Paschim Medinipur, State - West Bengal and it lies on Subarnarekha River comprising an area of 2.81 Hectare (6.94 Acres). The block is having replenishable geological resource of riverbed materials consists of mainly Sand in a tune of around 3,93,681 cum in 5 years considering replenishment rate of 91.75%. Barring the safety zone and block"
58,SIA/WB/MIN/565674/2026,"Clearance Type: Application for ToR (Category A, B1, and B2 Violation)/EC (Category B2) - Form 1 S/W No.: SW/272411/2026",Radhakantapur Sand Mine,WEST BENGAL,SWAPAN MONDAL,Category: B1 Sector: Non-Coal Mining Date of Submission: 16/01/2026,SEIAA,Proposal pulled back (withdrawn),"Applicant SWAPAN MONDAL is the successful highest bidder of Sand Block No.: 0107DM013 after participating in sand block auction conducted by Government of West Bengal and will obtain sand mining lease after deed registration. The mining lease will be granted over an area of 3.53 Hectare/8.73 Acres on river Damodar at Mouza –Radhakantapur, P.S.-Barjora, Dist –Bankura, West Bengal, over Plot No.448(P),513(P), J.L. No.-60."
59,SIA/WB/MIN/564785/2026,"Clearance Type: Application for ToR (Category A, B1, and B2 Violation)/EC (Category B2) - Form 1 S/W No.: SW/271689/2026",Naihat Sand Mine on Subarnarekha River of Srikanta Mondal,WEST BENGAL,PRASHANTA MONDAL,Category: B1 Sector: Non-Coal Mining Date of Submission: 09/01/2026,SEIAA,ADS Raised,"Applicant Srikanta Mondal is the successful highest bidder for Sand Block No. MSHB-9 following the recent auction conducted by the Government of West Bengal and will obtain sand mining lease after deed registration. The mining lease will be granted over an area of 5.00 Hectare/12.36 Acres on river Subarnarekha at Plot no: 1831(P) in Mouza: Naihat, P.S.- Sankrail, J.L. No.- 286, District: Jhargram, State: West Bengal."
60,SIA/WB/MIN/558573/2026,"Clearance Type: Application for ToR (Category A, B1, and B2 Violation)/EC (Category B2) - Form 1 S/W No.: SW/266038/2025",MIN_JH_31D,WEST BENGAL,WEST BENGAL MINERAL DEVELOPMENT AND TRADING CORPORATION LIMITED,Category: B1 Sector: Non-Coal Mining Date of Submission: 19/01/2026,SEIAA,Proposal Accepted and Referred to SEAC,"MIN_JH_31D Sand Mine belongs to Subarnarekha riverbed deposit which is located at Mouza- Shimulia & Dhitpur, JL No. 278, 267, Plot no. 1270,1271, 701, 702, 703, P.S.: Sankrail, District: Jhargram, State: West Bengal."
61,IA/WB/IND1/564625/2026,"Clearance Type: Application for EC (Category A, B1, and B2 Violation)- Form 1 S/W No.: SW/243525/2025","Expansion of Sponge Iron Plant to increase the production capacity from 1,15,500 TPA to 2,31,000 TPA by adding an additional 350 TPD DRI Kiln alongwith the existing 350 TPD DRI Kiln, WHRB based Captive Power Plant from 8 MW to 16 MW, Ferro Alloy Plant for production of Silico Manganese from 16,929 TPA to 33858 TPA or Ferro Manganese from 21,092 TPA to 42184 TPA or Ferro Silicon from 9,191 TPA to 18382 TPA by adding an additional 9 MVA#SAF along with the existing 9 MVA#SAF",WEST BENGAL,SATYAM IRON & STEEL CO PRIVATE LIMITED,Category: A Sector: Industrial Projects - 1 Date of Submission: 12/01/2026,MOEFCC,EDS Raised,"Expansion of Sponge Iron Plant to increase the production capacity from 1,15,500 TPA to 2,31,000 TPA by adding an additional 350 TPD DRI Kiln alongwith the existing 350 TPD DRI Kiln, WHRB based Captive Power Plant from 8 MW to 16 MW, Ferro Alloy Plant for production of Silico Manganese from 16,929 TPA to 33858 TPA or Ferro Manganese from 21,092 TPA to 42184 TPA or Ferro Silicon from 9,191 TPA to 18382 TPA by adding an additional 9 MVA#SAF alongwith the existing 9 MVA#SAF at Mouza- Mondalpur , Ja"
62,IA/WB/IND1/567762/2026,"Clearance Type: Application for ToR (Category A, B1, and B2 Violation)/EC (Category B2) - Form 1 S/W No.: SW/274194/2026","Proposed Expansion of existing DI Pipe Manufacturing Unit by installation of Blast Furnace with Pig Casting Machine, Captive Power Plant, Sinter Plant at Mouza–Bamunara P.o-Gopalpur, District-Paschim Bardhaman, State-West Bengal by M/s Kejriwal Castings Limited",WEST BENGAL,KEJRIWAL CASTINGS LIMITED,Category: A Sector: Industrial Projects - 1 Date of Submission: 03/02/2026,MOEFCC,EDS Raised,"M/s Kejriwal Castings Limited (KCL) has proposed Expansion of existing DI Pipe Manufacturing Unit by installation of Blast Furnace with Pig Casting Machine, Captive Power Plant, Sinter Plant at Mouza–Bamunara P.o-Gopalpur, District-Paschim Bardhaman, State-West Bengal. This project earlier got Environmental clearance from West Bengal SEIAA vide letter dated 388/EN/T-II-I/066/2018 Dated 18.02.2020 for DI Pipe Manufacturing facility with Production Capacity – 97200 TPA and Plant Area – 10.41 Acre."
63,SIA/WB/MIN/566428/2026,Clearance Type: Application for EC for Mining of Minor Minerals of Mine Lease (0-5 HA) - Form-2 S/W No.: SW/273052/2026,HUSSENPUR SAND MINE – (SAND BLOCK CODE - Bir/Nanoor/Hussenpur/208/2016),WEST BENGAL,VARIETY VYAPAAR PVT LTD,Category: B2 Sector: Non-Coal Mining Date of Submission: 22/01/2026,SEIAA,Under Verification,"HUSSENPUR SAND MINE – (SAND BLOCK CODE - Bir/Nanoor/Hussenpur/208/2016) is situated at J. L. No. 131, Plot No. 408/410(P), Mouza – Hussenpur, Village – Hussenpur, Police Station – Nanoor, District – Birbhum, State - West Bengal and it lies on Ajay River comprising an area of 0.70 Hectare (1.73 Acres). The block is having replenishable geological resource of riverbed materials consists of mainly Sand in a tune of around 85,822.80 cum in 5 years considering replenishment rate of 77.17%. Barring th"
64,SIA/WB/MIN/563872/2026,"Clearance Type: Application for ToR (Category A, B1, and B2 Violation)/EC (Category B2) - Form 1 S/W No.: SW/270887/2026",KOTSIMUL SAND MINE,WEST BENGAL,SUDARSHAN GUPTA,Category: B1 Sector: Non-Coal Mining Date of Submission: 01/01/2026,SEIAA,Referred to SEIAA,"KOTSIMUL SAND MINE ON MUNDESWARI RIVER, POTENTIAL ZONE-PBBD_RN2_DA_19OF DSR 2024,AREA-2.11 HA(ACRE-5.22), MOUZA-KOTSIMUL,P.S-MADHABDIHI,BLOCK-RAINA-II,DIST-PURBA BARDHAMA,AUCTION ID-2017_WB_221"
65,IA/WB/IND1/565009/2026,"Clearance Type: Application for ToR (Category A, B1, and B2 Violation)/EC (Category B2) - Form 1 S/W No.: SW/271869/2026","Expansion cum modification of existing Steel Plant by modification of existing Sinter Plant from (1X60 M2 + 2X26 M2) to (1X70 M2 + 2X30 M2), upgradation of existing 2X300 M3 MBF to 2X365 M3 MBF, upgradation of existing EAFs from (1X4 MVA + 4X3 MVA) to (5X4 MVA), expansion of existing DIP Plant from 6,04,800 TPA to 10,00,000 TPA and Installation of new units 1.8 MTPA Iron ore Beneficiation Plant, 1.2 MTPA Pellet Plant, 2,00,000 TPA PCI Plant, 1,11,680 TPA O2 Plant and 2,00,000 TPA Rolling Mill",WEST BENGAL,JAI BALAJI INDUSTRIES LTD,Category: A Sector: Industrial Projects - 1 Date of Submission: 10/01/2026,MOEFCC,Standard ToR Granted,"Existing Project : Blast Furnaces (1X250 M3 & 1X300 M3) to produce 5,58,250 TPA Hot Metal, 9,08,256 TPA Sinter Plant, 5,04,000 TPA DIP Plant and 33,000 Ferro Alloys Plant (through EAF route). Proposes expansion cum modification of the existing plant through following way : - Modification of existing Sinter Plant from (1X60 M2 + 2 X 26 M2) to (1X70 M2 + 2 X 30 M2) - Upgradation of existing 2X300 M3 MBFs to 2X365 M3 MBFs - Installation of new 2,00,000 TPA PCI Plant - Upgradation of existing EAFs f"
66,SIA/WB/MIN/563691/2026,"Clearance Type: Application for ToR (Category A, B1, and B2 Violation)/EC (Category B2) - Form 1 S/W No.: SW/270722/2025",Sand and Stone Block – Patharhirhira Part I Sand and Stone Mine (Patharhirhira Part I),WEST BENGAL,FALCON ABASAN PVT. LTD.,Category: B1 Sector: Non-Coal Mining Date of Submission: 19/01/2026,SEIAA,Proposal Accepted and Referred to SEAC,"Patharhirhira Part I Sand and Stone Mine (Patharhirhira Part I) is situated at J. L. No. – 25, Plot No. 373, 374, 366, 367, 368, 363, 605, 604, 602, 97, 180 Mouza – Patharhirhira, Village – Patharhirhira, Police Station – Phansidewa, District – Darjeeling, State - West Bengal and it lies on Chenga River comprising an area of 4.90 Hectare (12.10 Acres). The block is having replenishable geological resource of riverbed materials consists of Sand, Gravel and Pebbles in a tune of around 5,24,300 cum"
67,SIA/WB/INFRA2/564039/2026,"Clearance Type: Application for ToR (Category A, B1, and B2 Violation)/EC (Category B2) - Form 1 S/W No.: SW/270879/2026",Development of Centralized Administrative & HRD Complex and Project Office Building,WEST BENGAL,STEEL AUTHORITY OF INDIA LTD,Category: B2 Sector: INFRA-2 Date of Submission: 05/01/2026,SEIAA,DELISTED BY SYSTEM (at : 06/02/2026),Development of Centralized Administrative & HRD Complex and Project Office Building
68,SIA/WB/INFRA2/565320/2026,"Clearance Type: Application for ToR (Category A, B1, and B2 Violation)/EC (Category B2) - Form 1 S/W No.: SW/272120/2026",INSIGNIA,WEST BENGAL,SRIJI GOPALJI NPR ENCLAVE LLP,Category: B2 Sector: INFRA-2 Date of Submission: 13/01/2026,SEIAA,Under Verification,Housing Complex of two blocks of G+XII storied buildings
69,SIA/WB/MIN/563696/2026,"Clearance Type: Application for ToR (Category A, B1, and B2 Violation)/EC (Category B2) - Form 1 S/W No.: SW/270725/2025",Sand and Stone Block – Patharhirhira Part II Sand and Stone Mine (Patharhirhira Part II),WEST BENGAL,FALCON ABASAN PVT. LTD.,Category: B1 Sector: Non-Coal Mining Date of Submission: 19/01/2026,SEIAA,Proposal Accepted and Referred to SEAC,"Patharhirhira Part II Sand and Stone Mine (Patharhirhira Part II) is situated at J. L. No. – 25, Plot No. 373, 374, 366, 367, 368, 363, 605, 604, 602, 97, 180. Mouza – Patharhirhira, Village – Patharhirhira, Police Station – Phansidewa, District – Darjeeling, State - West Bengal and it lies on Chenga River comprising an area of 4.90 Hectare (12.10 Acres). The block is having replenishable geological resource of riverbed materials consists of Sand, Gravel and Pebbles in a tune of around 5,24,300 "
70,SIA/WB/MIN/565547/2026,Clearance Type: Application for EC for Mining of Minor Minerals of Mine Lease (0-5 HA) - Form-2 S/W No.: SW/272299/2026,Bhikanpur Sand Mine (MSB-33),WEST BENGAL,PRANAB BHAKTA,Category: B2 Sector: Non-Coal Mining Date of Submission: 17/01/2026,SEIAA,Under Verification,"Bhikanpur Sand Mine (MSB-33) is situated at J. L. No. – 36, Plot No. 133(P) & 135(P), Mouza – Bhikanpur, Village – Bhikanpur, Police Station – Kotwali, District – Paschim Medinipur, State - West Bengal and it lies on Kangsabati River comprising an area of 2.00 Hectare (4.94 Acres). The block is having replenishable geological resource of riverbed materials consists of mainly Sand in a tune of around 2,76,792 cum in 5 years considering replenishment rate of 90.33%. Barring the safety zone and blo"
71,SIA/WB/MIN/564787/2026,"Clearance Type: Application for ToR (Category A, B1, and B2 Violation)/EC (Category B2) - Form 1 S/W No.: SW/271690/2026",Naihat Sand Mine on Subarnarekha River of Simanta Mondal,WEST BENGAL,PRASHANTA MONDAL,Category: B1 Sector: Non-Coal Mining Date of Submission: 09/01/2026,SEIAA,ADS Raised,"Applicant Simanta Mondal is the successful highest bidder of Sand Block No.: MSHB-8 participating in sand block auction conducted by Government of West Bengal and will obtain sand mining lease after deed registration. The mining lease will be granted over an area of 5.00 Hectare/12.36 Acres on river Subarnarekha at plot no: 1831(P), J.L. No.-286, Mouza: Naihat, P.S.: Sankrail, District: Jhargram, State: West Bengal."
72,SIA/WB/INFRA2/563848/2026,"Clearance Type: Application for ToR (Category A, B1, and B2 Violation)/EC (Category B2) - Form 1 S/W No.: SW/270858/2026",Residential cum Commercial complex,WEST BENGAL,SAGNIK EXPORT (I) PVT. LIMITED,Category: B2 Sector: INFRA-2 Date of Submission: 12/01/2026,SEIAA,Proposal Accepted and Referred to SEAC,It is a Residential cum commercial project.
73,SIA/WB/MIN/564334/2026,Clearance Type: Application for EC for Mining of Minor Minerals of Mine Lease (0-5 HA) - Form-2 S/W No.: SW/223448/2024,SUNIA SAND MINE (BHA-13),WEST BENGAL,ANKUSH ARORA,Category: B2 Sector: Non-Coal Mining Date of Submission: 05/01/2026,SEIAA,Proposal Accepted and Referred to SEAC,SUNIA SAND MINE (Sand Block Code - BHA-13)
74,SIA/WB/IND3/566337/2026,"Clearance Type: Application for ToR (Category A, B1, and B2 Violation)/EC (Category B2) - Form 1 S/W No.: SW/272947/2026","M/s. Shyam Chemicals have proposed for setting up manufacturing unit of Synthetic Resin viz. 1800 TPA of Urea-Formaldehyde Resin, 864 TPA of Film Face Resin, 2772 TPA of Melamine Urea Formaldehyde Resin and 1872 TPA of Phenol-Formaldehyde Resin",WEST BENGAL,NARAYAN CHANDAK,Category: B1 Sector: Industrial Projects - 3 Date of Submission: 24/01/2026,SEIAA,Proposal Accepted and Referred to SEAC,"M/s. Shyam Chemicals have proposed for setting up manufacturing unit of Synthetic Resin viz. 1800 TPA of Urea-Formaldehyde Resin, 864 TPA of Film Face Resin, 2772 TPA of Melamine Urea Formaldehyde Resin and 1872 TPA of Phenol-Formaldehyde Resin"
75,SIA/WB/MIN/508907/2026,Clearance Type: Application for EC for Mining of Minor Minerals of Mine Lease (0-5 HA) - Form-2 S/W No.: SW/220150/2024,Raihat Sand Mine,WEST BENGAL,Babli dey,Category: B2 Sector: Non-Coal Mining Date of Submission: 14/01/2026,SEIAA,Under Verification,"Applicant Babli Dey & Others is the successful highest bidder for Sand Block No. BIR/SAINTHIA/RAIHAT/046/2016 following the recent auction conducted by the Government of West Bengal and will obtain sand mining lease after deed registration. The Lease was registered on dated 13.09.2023 (Lease Deed No. I- 0301-11709/2023). The mining lease will be granted over an area of 4.71 Hectare/ 11.65 Acre (As per LOI) & 1.94 Hectare/4.80 Acres (Modified) on river Mayurakshi at Plot no: 349(P), 348(P), in Mo"
76,SIA/WB/MIN/565618/2026,"Clearance Type: Application for ToR (Category A, B1, and B2 Violation)/EC (Category B2) - Form 1 S/W No.: SW/272325/2026",Rerapal Sand Mine (MSB-43),WEST BENGAL,SANJIB MANDAL,Category: B1 Sector: Non-Coal Mining Date of Submission: 18/01/2026,SEIAA,Proposal Accepted and Referred to SEAC,"Rerapal Sand Mine (MSB-43) is situated at J. L. No. – 132, Plot No. 700(P), Mouza – Rerapal, Village – Rerapal, Police Station – Medinipur, District – Paschim Medinipur, State - West Bengal and it lies on Kangsabati River comprising an area of 4.20 Hectare (10.38 Acres). The block is having replenishable geological resource of riverbed materials consists of mainly Sand in a tune of around 5,81,263.20 cum in 5 years considering replenishment rate of 90.33%. Barring the safety zone and blocked res"
77,SIA/WB/MIN/543089/2026,"Clearance Type: Application for ToR (Category A, B1, and B2 Violation)/EC (Category B2) - Form 1 S/W No.: SW/252116/2025",Kotsimul Sand Mine Maa Tara Builders,WEST BENGAL,"KOTSIMUL SAND MINE, MAA TARA BUILDERS",Category: B1 Sector: Non-Coal Mining Date of Submission: 15/01/2026,SEIAA,Proposal Accepted and Referred to SEAC,"Kotsimul Sand Mine,Vill/Mouza-Kotsimul,J.L No-208,Plot No-1349(P),P.S-Madhabdihi,Block -Raina-II,Dist-Purba Bardhaman"
78,SIA/WB/MIN/559657/2026,"Clearance Type: Application for EC (Category A, B1, and B2 Violation)- Form 1 S/W No.: SW/141692/2023",MIN_CB_12,WEST BENGAL,WEST BENGAL MINERAL DEVELOPMENT AND TRADING CORPORATION LIMITED,Category: B1 Sector: Non-Coal Mining Date of Submission: 22/01/2026,SEIAA,Under Verification,"MIN_CB_12 Sand Mine belongs to Jaldhaka river bed deposit which is located at Mouza: Purba Giladanga, J.L. No.: 21, Plot No.: 12, P.S.: Mathabhanga, Block- Mathabhanga I, District: Coochbehar, State: West Bengal over an area of 4.03 Ha."
79,SIA/WB/MIN/508683/2026,"Clearance Type: Application for ToR (Category A, B1, and B2 Violation)/EC (Category B2) - Form 1 S/W No.: SW/220094/2024",Simulia (BIR/MDBAZAR/SIMULIA/029/2016) Sand Mine,WEST BENGAL,MADAN MONDAL,Category: B1 Sector: Non-Coal Mining Date of Submission: 04/02/2026,SEIAA,Under Examination,"Madan Mohan Mondal is the lessee of Sand Block No.: BIR/MDBAZAR/SIMULIA/029/2016. The lease was registered on dated 30.03.2023 (lease deed no.: I-0301-05159/2023). The mining lease was being granted over an area of 2.04 Hectare/ 5.04 Acres on river Mayurakshi at plot no: 442(P), 443(P), 488(P); J.L. No.- 138, Mouza: Simulia, P.S. Md Bazar, District: Birbhum, State: West Bengal."
80,IA/WB/IND1/564667/2026,Clearance Type: Application for No Increase in Pollution Load - Form-10 S/W No.: SW/271124/2026,Assessment of No Increase in Pollution Load for product mix in Beneficiation plant either/ or Iron ore beneficiation & configuration change of EC sanctioned Induction furnace from 30 T I.F. X 5 to (30 T I.F. X 4 + 20 T EAF x 1) without increase in production capacity,WEST BENGAL,ORISSA ALLOY STEEL PVT. LTD.,Category: A Sector: Date of Submission: 12/01/2026,MOEFCC,INTIMATED,Assessment of No Increase in Pollution Load for product mix in Beneficiation plant either/ or Iron ore beneficiation & configuration change of EC sanctioned Induction furnace from 30 T I.F. X 5 to (30 T I.F. X 4 + 20 T EAF x 1) without increase in production capacity under Para 7(ii) ‘B’ of EIA Notification 2006 by M/s Orissa Alloy Steel Private Limited
81,SIA/WB/MIN/563808/2026,Clearance Type: Application for EC for Mining of Minor Minerals of Mine Lease (0-5 HA) - Form-2 S/W No.: SW/270833/2025,Bhagitpur Sand Mine of Hemanta Kumar Ghosh,WEST BENGAL,Bikash Mitra,Category: B2 Sector: Non-Coal Mining Date of Submission: 17/01/2026,SEIAA,Under Verification,"Applicant Hemanta Kumar Ghosh is the successful highest bidder for Sand Block No- 0122DM006 following the recent auction conducted by the Government of West Bengal and will obtain sand mining lease after deed registration. The mining lease will be granted over an area of 3.44 Hectare/8.50 Acres, due to falling under non potential zone, we are surrendering 0.01 Hectare from the total project area and the revised project area now stands at 3.43 Hectares/8.48 Acres on river Damodar at Plot no: 831,"
82,SIA/WB/IND1/564937/2026,"Clearance Type: Application for ToR (Category A, B1, and B2 Violation)/EC (Category B2) - Form 1 S/W No.: SW/271809/2026","Environmental Clearance for Expansion of production capacity from 1,08,000 TPA MS Pipe (ERW pipe) to 1,78,800 TPA CRM (Cold rolling mill)/Galvanized Pipe/ERW Pipe by Installation of Pickling and Galvanizing Facilities by M/s. Supershakti Energy Private Limited at Jamuria Industrial Estate, PO-Mondalpur, PS-Jamuria, Dist-Paschim Bardhaman, Pin-713336, State- West Bengal",WEST BENGAL,SUPERSHAKTI ENERGY PRIVATE LIMITED,Category: B2 Sector: Industrial Projects - 1 Date of Submission: 09/01/2026,SEIAA,Under Verification,"It is an expansion of production capacity from 1,08,000 TPA MS Pipe (ERW pipe) to 1, 78,800 TPA CRM (cold rolling mill)/Galvanized Pipe/ERW Pipe by Installation of Pickling and Galvanizing Facilities. The unit is located at Jamuria Industrial Estate, PO-Mondalpur, PS-Jamuria, Dist-Paschim Bardhaman, Pin-713336, State- West Bengal."
83,IA/WB/THE/564998/2026,Clearance Type: Application for Amendment in EC- Form-4 S/W No.: SW/271749/2026,"M/S NTPC-SAIL Power Company Ltd. CPP-II (2 X 60MW) at DSP Complex, PO: DSP Main gate, P.S.- Durgapur,",WEST BENGAL,NTPC SAIL POWER COMPANY LIMITED,Category: A Sector: Thermal Projects Date of Submission: 09/01/2026,MOEFCC,EDS Raised,"NTPC-SAIL Power Company Limited (NSPCL) is proposing Applicability of Sulphur Dioxide Emission Standards as per MoEF&CC Notification dated 11.07.2025 for 2×60 MW Captive Power Plant located at Durgapur, Burdwan District, West Bengal. The TPP unit II of 2 × 60 MW capacity was established and commissioned during 1987–1988, prior to the introduction of Environmental Clearance requirements under the EIA Notification. As the provisions of the EIA Notification are not retrospective in nature, Environm"
