id,company_name,signal_type,source,source_url,product_match,sector,score,confidence,keywords_summary,territory,sales_officer,keywords_matched,raw_data,discovered_at,status,notes
88,Gujarat State Petronet Ltd,Government Tender,PARIVESH,https://example.com/signal/87,Furnace Oil,Industrial,79.0,95.0,"NIT, Supply of [regulatory_events] | Furnace Oil [commodities]",Unassigned,,"{""regulatory_events"": [""NIT"", ""Supply of""], ""commodities"": [""Furnace Oil""]}","{""description"": ""NIT for supply of Furnace Oil for textile processing - 5000 KL"", ""location"": ""West Bengal""}",2026-01-29 00:00:00,NEW,
97,NTPC Ltd,Capacity Expansion,BSE,https://example.com/signal/96,,Industrial,76.5,50.0,Expansion [regulatory_events],Unassigned,,"{""regulatory_events"": [""Expansion""]}","{""description"": ""Board approves 5000 Crore expansion project for new steel plant at Andhra Pradesh"", ""location"": ""Andhra Pradesh"", ""capacity_increase_pct"": 100, ""capex_cr"": 5000.0, ""fuel_impact"": ""Medium"", ""estimated_fuel_increase_pct"": 100}",2026-01-16 00:00:00,NEW,
19,JSW Steel Ltd,PSU Procurement,GeM,https://example.com/signal/18,HSD,Industrial,74.0,60.0,"DG Set, 500 KVA [industrial_machinery] | Procurement of [regulatory_events]",Unassigned,,"{""industrial_machinery"": [""DG Set"", ""500 KVA""], ""regulatory_events"": [""Procurement of""]}","{""description"": ""Procurement of 500 KVA DG Sets for new facility"", ""location"": ""Odisha""}",2026-01-24 00:00:00,NEW,
49,Shapoorji Pallonji,Capacity Expansion,BSE,https://example.com/signal/48,,Industrial,70.5,50.0,Expansion [regulatory_events],Unassigned,,"{""regulatory_events"": [""Expansion""]}","{""description"": ""Board approves 2500 Crore expansion project for new Jute processing mill at Haryana"", ""location"": ""Haryana"", ""capacity_increase_pct"": 100, ""capex_cr"": 2500.0, ""fuel_impact"": ""Medium"", ""estimated_fuel_increase_pct"": 100}",2026-01-21 00:00:00,NEW,
108,Century Textiles,Capacity Expansion,BSE,https://example.com/signal/107,LSHS,Industrial,70.5,60.0,Expansion [regulatory_events],Unassigned,,"{""regulatory_events"": [""Expansion""]}","{""description"": ""Board approves 1200 Crore expansion project for new power plant at Rajasthan"", ""location"": ""Rajasthan"", ""capacity_increase_pct"": 60.0, ""capex_cr"": 1200.0, ""fuel_impact"": ""Medium"", ""estimated_fuel_increase_pct"": 60.0}",2026-01-09 00:00:00,NEW,
45,Tata Steel Ltd,Government Tender,PARIVESH,https://example.com/signal/44,Furnace Oil,Industrial,70.0,95.0,"NIT, Supply of [regulatory_events] | Furnace Oil [commodities]",Unassigned,,"{""regulatory_events"": [""NIT"", ""Supply of""], ""commodities"": [""Furnace Oil""]}","{""description"": ""NIT for supply of Furnace Oil for road construction - 1000 KL"", ""location"": ""Uttar Pradesh""}",2025-12-10 00:00:00,NEW,
81,Vedanta Ltd,Government Tender,PARIVESH,https://example.com/signal/80,JBO,Industrial,70.0,60.0,"NIT, Supply of [regulatory_events]",Unassigned,,"{""regulatory_events"": [""NIT"", ""Supply of""]}","{""description"": ""NIT for supply of Jute Batching Oil for industrial use - 5000 KL"", ""location"": ""Gujarat""}",2025-11-01 00:00:00,NEW,
8,Hindalco Industries,Government Tender,PARIVESH,https://example.com/signal/7,Bitumen,Industrial,70.0,95.0,"NIT, Supply of [regulatory_events] | Bitumen, VG-30 [commodities]",Unassigned,,"{""regulatory_events"": [""NIT"", ""Supply of""], ""commodities"": [""Bitumen"", ""VG-30""]}","{""description"": ""NIT for supply of VG-30 Bitumen for paint production - 1000 KL"", ""location"": ""Maharashtra""}",2025-09-03 00:00:00,NEW,
113,Reliance Industries Ltd,Government Tender,PARIVESH,https://example.com/signal/112,HSD,Industrial,70.0,95.0,"NIT, Supply of [regulatory_events] | Diesel, HSD [commodities]",Unassigned,,"{""regulatory_events"": [""NIT"", ""Supply of""], ""commodities"": [""Diesel"", ""HSD""]}","{""description"": ""NIT for supply of HSD (Diesel) for paint production - 5000 KL"", ""location"": ""Andhra Pradesh""}",2025-08-11 00:00:00,NEW,
104,Bharat Petroleum Corp Ltd,Government Tender,PARIVESH,https://example.com/signal/103,HSD,Industrial,70.0,95.0,"NIT, Supply of [regulatory_events] | Diesel, HSD [commodities]",Unassigned,,"{""regulatory_events"": [""NIT"", ""Supply of""], ""commodities"": [""Diesel"", ""HSD""]}","{""description"": ""NIT for supply of HSD (Diesel) for textile processing - 500 MT"", ""location"": ""Andhra Pradesh""}",2025-07-27 00:00:00,NEW,
61,Ultratech Cement Ltd,Government Tender,PARIVESH,https://example.com/signal/60,HSD,Industrial,70.0,95.0,"NIT, Supply of [regulatory_events] | Diesel, HSD [commodities]",Unassigned,,"{""regulatory_events"": [""NIT"", ""Supply of""], ""commodities"": [""Diesel"", ""HSD""]}","{""description"": ""NIT for supply of HSD (Diesel) for textile processing - 500 MT"", ""location"": ""Madhya Pradesh""}",2025-07-07 00:00:00,NEW,
70,Gammon India,Government Tender,PARIVESH,https://example.com/signal/69,HSD,Industrial,70.0,95.0,"NIT, Supply of [regulatory_events] | Diesel, HSD [commodities]",Unassigned,,"{""regulatory_events"": [""NIT"", ""Supply of""], ""commodities"": [""Diesel"", ""HSD""]}","{""description"": ""NIT for supply of HSD (Diesel) for paint production - 5000 KL"", ""location"": ""Karnataka""}",2025-03-22 00:00:00,NEW,
91,Adani Power Ltd,Government Tender,PARIVESH,https://example.com/signal/90,HSD,Industrial,70.0,95.0,"NIT, Supply of [regulatory_events] | Diesel, HSD [commodities]",Unassigned,,"{""regulatory_events"": [""NIT"", ""Supply of""], ""commodities"": [""Diesel"", ""HSD""]}","{""description"": ""NIT for supply of HSD (Diesel) for equipment operation - 5000 KL"", ""location"": ""Maharashtra""}",2025-03-19 00:00:00,NEW,
34,Bharat Petroleum Corp Ltd,Government Tender,PARIVESH,https://example.com/signal/33,Furnace Oil,Industrial,70.0,95.0,"NIT, Supply of [regulatory_events] | Furnace Oil [commodities]",Unassigned,,"{""regulatory_events"": [""NIT"", ""Supply of""], ""commodities"": [""Furnace Oil""]}","{""description"": ""NIT for supply of Furnace Oil for power generation - 1000 KL"", ""location"": ""Odisha""}",2025-03-17 00:00:00,NEW,
64,Reliance Industries Ltd,Government Tender,PARIVESH,https://example.com/signal/63,Bitumen,Industrial,70.0,95.0,"NIT, Supply of [regulatory_events] | Bitumen, VG-30 [commodities]",Unassigned,,"{""regulatory_events"": [""NIT"", ""Supply of""], ""commodities"": [""Bitumen"", ""VG-30""]}","{""description"": ""NIT for supply of VG-30 Bitumen for equipment operation - 2000 MT"", ""location"": ""Maharashtra""}",2025-02-28 00:00:00,NEW,
107,Indian Oil Corporation Ltd,Government Tender,PARIVESH,https://example.com/signal/106,MTO,Industrial,70.0,60.0,"NIT, Supply of [regulatory_events] | Mineral Turpentine Oil [commodities]",Unassigned,,"{""regulatory_events"": [""NIT"", ""Supply of""], ""commodities"": [""Mineral Turpentine Oil""]}","{""description"": ""NIT for supply of Mineral Turpentine Oil for equipment operation - 500 MT"", ""location"": ""West Bengal""}",2025-01-27 00:00:00,NEW,
29,NTPC Ltd,PSU Procurement,GeM,https://example.com/signal/28,Furnace Oil,Industrial,69.0,60.0,Procurement of [regulatory_events],Unassigned,,"{""regulatory_events"": [""Procurement of""]}","{""description"": ""Procurement of Industrial Boilers for backup power"", ""location"": ""Punjab""}",2025-12-28 00:00:00,NEW,
84,Ambuja Cements Ltd,PSU Procurement,GeM,https://example.com/signal/83,Furnace Oil,Industrial,69.0,60.0,Procurement of [regulatory_events],Unassigned,,"{""regulatory_events"": [""Procurement of""]}","{""description"": ""Procurement of Industrial Boilers for cleaning operations"", ""location"": ""Delhi""}",2025-12-07 00:00:00,NEW,
18,ACC Ltd,PSU Procurement,GeM,https://example.com/signal/17,Furnace Oil,Industrial,69.0,60.0,Procurement of [regulatory_events],Unassigned,,"{""regulatory_events"": [""Procurement of""]}","{""description"": ""Procurement of Industrial Boilers for backup power"", ""location"": ""Punjab""}",2025-11-11 00:00:00,NEW,
62,JSW Steel Ltd,PSU Procurement,GeM,https://example.com/signal/61,Furnace Oil,Industrial,69.0,60.0,Procurement of [regulatory_events],Unassigned,,"{""regulatory_events"": [""Procurement of""]}","{""description"": ""Procurement of Industrial Boilers for maintenance operations"", ""location"": ""Andhra Pradesh""}",2025-08-07 00:00:00,NEW,
98,Tata Power Company Ltd,PSU Procurement,GeM,https://example.com/signal/97,Furnace Oil,Industrial,69.0,60.0,Procurement of [regulatory_events],Unassigned,,"{""regulatory_events"": [""Procurement of""]}","{""description"": ""Procurement of Industrial Boilers for maintenance operations"", ""location"": ""West Bengal""}",2025-01-13 00:00:00,NEW,
79,Delhi Metro Rail Corporation,PSU Procurement,GeM,https://example.com/signal/78,HSD,Industrial,65.0,95.0,HSD Storage Tank [industrial_machinery] | Procurement of [regulatory_events] | HSD [commodities],Unassigned,,"{""industrial_machinery"": [""HSD Storage Tank""], ""regulatory_events"": [""Procurement of""], ""commodities"": [""HSD""]}","{""description"": ""Procurement of HSD Storage Tanks for maintenance operations"", ""location"": ""Karnataka""}",2025-12-13 00:00:00,NEW,
2,Century Textiles,PSU Procurement,GeM,https://example.com/signal/1,Furnace Oil,Industrial,65.0,60.0,Captive Power Plant [industrial_machinery] | Procurement of [regulatory_events],Unassigned,,"{""industrial_machinery"": [""Captive Power Plant""], ""regulatory_events"": [""Procurement of""]}","{""description"": ""Procurement of Captive Power Plant equipment for maintenance operations"", ""location"": ""Maharashtra""}",2025-11-06 00:00:00,NEW,
59,National Highways Authority of India,PSU Procurement,GeM,https://example.com/signal/58,HSD,Industrial,65.0,95.0,HSD Storage Tank [industrial_machinery] | Procurement of [regulatory_events] | HSD [commodities],Unassigned,,"{""industrial_machinery"": [""HSD Storage Tank""], ""regulatory_events"": [""Procurement of""], ""commodities"": [""HSD""]}","{""description"": ""Procurement of HSD Storage Tanks for maintenance operations"", ""location"": ""Haryana""}",2025-10-03 00:00:00,NEW,
33,Gammon India,PSU Procurement,GeM,https://example.com/signal/32,HSD,Industrial,65.0,60.0,"DG Set, 500 KVA [industrial_machinery] | Procurement of [regulatory_events]",Unassigned,,"{""industrial_machinery"": [""DG Set"", ""500 KVA""], ""regulatory_events"": [""Procurement of""]}","{""description"": ""Procurement of 500 KVA DG Sets for maintenance operations"", ""location"": ""Gujarat""}",2025-09-29 00:00:00,NEW,
47,Tata Steel Ltd,PSU Procurement,GeM,https://example.com/signal/46,Furnace Oil,Industrial,65.0,60.0,Captive Power Plant [industrial_machinery] | Procurement of [regulatory_events],Unassigned,,"{""industrial_machinery"": [""Captive Power Plant""], ""regulatory_events"": [""Procurement of""]}","{""description"": ""Procurement of Captive Power Plant equipment for maintenance operations"", ""location"": ""Punjab""}",2025-09-27 00:00:00,NEW,
56,Century Textiles,PSU Procurement,GeM,https://example.com/signal/55,HSD,Industrial,65.0,60.0,"DG Set, 500 KVA [industrial_machinery] | Procurement of [regulatory_events]",Unassigned,,"{""industrial_machinery"": [""DG Set"", ""500 KVA""], ""regulatory_events"": [""Procurement of""]}","{""description"": ""Procurement of 500 KVA DG Sets for backup power"", ""location"": ""Rajasthan""}",2025-08-08 00:00:00,NEW,
21,Gujarat State Petronet Ltd,PSU Procurement,GeM,https://example.com/signal/20,HSD,Industrial,65.0,60.0,"DG Set, 500 KVA [industrial_machinery] | Procurement of [regulatory_events]",Unassigned,,"{""industrial_machinery"": [""DG Set"", ""500 KVA""], ""regulatory_events"": [""Procurement of""]}","{""description"": ""Procurement of 500 KVA DG Sets for backup power"", ""location"": ""Karnataka""}",2025-07-10 00:00:00,NEW,
52,Hindalco Industries,PSU Procurement,GeM,https://example.com/signal/51,Furnace Oil,Industrial,65.0,60.0,Captive Power Plant [industrial_machinery] | Procurement of [regulatory_events],Unassigned,,"{""industrial_machinery"": [""Captive Power Plant""], ""regulatory_events"": [""Procurement of""]}","{""description"": ""Procurement of Captive Power Plant equipment for new facility"", ""location"": ""Gujarat""}",2025-06-23 00:00:00,NEW,
73,National Highways Authority of India,PSU Procurement,GeM,https://example.com/signal/72,Furnace Oil,Industrial,65.0,60.0,Captive Power Plant [industrial_machinery] | Procurement of [regulatory_events],Unassigned,,"{""industrial_machinery"": [""Captive Power Plant""], ""regulatory_events"": [""Procurement of""]}","{""description"": ""Procurement of Captive Power Plant equipment for backup power"", ""location"": ""Maharashtra""}",2025-05-15 00:00:00,NEW,
24,Ambuja Cements Ltd,PSU Procurement,GeM,https://example.com/signal/23,HSD,Industrial,65.0,60.0,"DG Set, 500 KVA [industrial_machinery] | Procurement of [regulatory_events]",Unassigned,,"{""industrial_machinery"": [""DG Set"", ""500 KVA""], ""regulatory_events"": [""Procurement of""]}","{""description"": ""Procurement of 500 KVA DG Sets for cleaning operations"", ""location"": ""Haryana""}",2025-04-26 00:00:00,NEW,
41,Shapoorji Pallonji,PSU Procurement,GeM,https://example.com/signal/40,HSD,Industrial,65.0,60.0,"DG Set, 500 KVA [industrial_machinery] | Procurement of [regulatory_events]",Unassigned,,"{""industrial_machinery"": [""DG Set"", ""500 KVA""], ""regulatory_events"": [""Procurement of""]}","{""description"": ""Procurement of 500 KVA DG Sets for maintenance operations"", ""location"": ""Jharkhand""}",2025-03-07 00:00:00,NEW,
9,Delhi Metro Rail Corporation,Capacity Expansion,BSE,https://example.com/signal/8,,Industrial,61.5,50.0,"NIT, Expansion [regulatory_events]",West Region,SO_WEST_01,"{""regulatory_events"": [""NIT"", ""Expansion""]}","{""description"": ""Board approves 750 Crore expansion project for new manufacturing unit at Gujarat"", ""location"": ""Gujarat"", ""capacity_increase_pct"": 37.5, ""capex_cr"": 750.0, ""fuel_impact"": ""Medium"", ""estimated_fuel_increase_pct"": 37.5}",2025-12-29 00:00:00,NEW,
94,Gammon India,Capacity Expansion,BSE,https://example.com/signal/93,,Industrial,61.5,50.0,"NIT, Expansion [regulatory_events]",Unassigned,,"{""regulatory_events"": [""NIT"", ""Expansion""]}","{""description"": ""Board approves 2500 Crore expansion project for new manufacturing unit at Andhra Pradesh"", ""location"": ""Andhra Pradesh"", ""capacity_increase_pct"": 100, ""capex_cr"": 2500.0, ""fuel_impact"": ""Medium"", ""estimated_fuel_increase_pct"": 100}",2025-11-17 00:00:00,NEW,
23,Shapoorji Pallonji,Capacity Expansion,BSE,https://example.com/signal/22,Solvents,Industrial,61.5,60.0,Expansion [regulatory_events],Unassigned,,"{""regulatory_events"": [""Expansion""]}","{""description"": ""Board approves 2500 Crore expansion project for new chemical facility at Haryana"", ""location"": ""Haryana"", ""capacity_increase_pct"": 100, ""capex_cr"": 2500.0, ""fuel_impact"": ""Medium"", ""estimated_fuel_increase_pct"": 100}",2025-10-26 00:00:00,NEW,
99,Indian Oil Corporation Ltd,Capacity Expansion,BSE,https://example.com/signal/98,Solvents,Industrial,61.5,60.0,Expansion [regulatory_events],South Region,SO_SOUTH_01,"{""regulatory_events"": [""Expansion""]}","{""description"": ""Board approves 500 Crore expansion project for new chemical facility at Tamil Nadu"", ""location"": ""Tamil Nadu"", ""capacity_increase_pct"": 25.0, ""capex_cr"": 500.0, ""fuel_impact"": ""Medium"", ""estimated_fuel_increase_pct"": 25.0}",2025-10-26 00:00:00,NEW,
83,Gammon India,Capacity Expansion,BSE,https://example.com/signal/82,,Industrial,61.5,50.0,Expansion [regulatory_events],North Region,SO_NORTH_01,"{""regulatory_events"": [""Expansion""]}","{""description"": ""Board approves 750 Crore expansion project for new Jute processing mill at Delhi"", ""location"": ""Delhi"", ""capacity_increase_pct"": 37.5, ""capex_cr"": 750.0, ""fuel_impact"": ""Medium"", ""estimated_fuel_increase_pct"": 37.5}",2025-08-15 00:00:00,NEW,
96,ACC Ltd,Capacity Expansion,BSE,https://example.com/signal/95,,Industrial,61.5,50.0,"NIT, Expansion [regulatory_events]",South Region,SO_SOUTH_01,"{""regulatory_events"": [""NIT"", ""Expansion""]}","{""description"": ""Board approves 750 Crore expansion project for new Paint manufacturing unit at Tamil Nadu"", ""location"": ""Tamil Nadu"", ""capacity_increase_pct"": 37.5, ""capex_cr"": 750.0, ""fuel_impact"": ""Medium"", ""estimated_fuel_increase_pct"": 37.5}",2025-07-23 00:00:00,NEW,
44,Gammon India,Capacity Expansion,BSE,https://example.com/signal/43,,Industrial,61.5,50.0,Expansion [regulatory_events],Unassigned,,"{""regulatory_events"": [""Expansion""]}","{""description"": ""Board approves 2500 Crore expansion project for new cement plant at Jharkhand"", ""location"": ""Jharkhand"", ""capacity_increase_pct"": 100, ""capex_cr"": 2500.0, ""fuel_impact"": ""Medium"", ""estimated_fuel_increase_pct"": 100}",2025-06-24 00:00:00,NEW,
26,Hindalco Industries,Capacity Expansion,BSE,https://example.com/signal/25,,Industrial,61.5,50.0,"NIT, Expansion [regulatory_events]",North Region,SO_NORTH_01,"{""regulatory_events"": [""NIT"", ""Expansion""]}","{""description"": ""Board approves 2500 Crore expansion project for new manufacturing unit at Punjab"", ""location"": ""Punjab"", ""capacity_increase_pct"": 100, ""capex_cr"": 2500.0, ""fuel_impact"": ""Medium"", ""estimated_fuel_increase_pct"": 100}",2025-05-19 00:00:00,NEW,
27,Ultratech Cement Ltd,Capacity Expansion,BSE,https://example.com/signal/26,Solvents,Industrial,61.5,60.0,Expansion [regulatory_events],Unassigned,,"{""regulatory_events"": [""Expansion""]}","{""description"": ""Board approves 2500 Crore expansion project for new chemical facility at Haryana"", ""location"": ""Haryana"", ""capacity_increase_pct"": 100, ""capex_cr"": 2500.0, ""fuel_impact"": ""Medium"", ""estimated_fuel_increase_pct"": 100}",2025-05-18 00:00:00,NEW,
63,Tata Steel Ltd,Capacity Expansion,BSE,https://example.com/signal/62,Solvents,Industrial,61.5,60.0,Expansion [regulatory_events],West Region,SO_WEST_01,"{""regulatory_events"": [""Expansion""]}","{""description"": ""Board approves 1200 Crore expansion project for new chemical facility at Maharashtra"", ""location"": ""Maharashtra"", ""capacity_increase_pct"": 60.0, ""capex_cr"": 1200.0, ""fuel_impact"": ""Medium"", ""estimated_fuel_increase_pct"": 60.0}",2025-05-01 00:00:00,NEW,
120,Ambuja Cements Ltd,Capacity Expansion,BSE,https://example.com/signal/119,LSHS,Industrial,61.5,60.0,Expansion [regulatory_events],Unassigned,,"{""regulatory_events"": [""Expansion""]}","{""description"": ""Board approves 5000 Crore expansion project for new power plant at Jharkhand"", ""location"": ""Jharkhand"", ""capacity_increase_pct"": 100, ""capex_cr"": 5000.0, ""fuel_impact"": ""Medium"", ""estimated_fuel_increase_pct"": 100}",2025-03-30 00:00:00,NEW,
42,Bharat Petroleum Corp Ltd,Capacity Expansion,BSE,https://example.com/signal/41,,Industrial,61.5,50.0,Expansion [regulatory_events],Unassigned,,"{""regulatory_events"": [""Expansion""]}","{""description"": ""Board approves 2500 Crore expansion project for new cement plant at Andhra Pradesh"", ""location"": ""Andhra Pradesh"", ""capacity_increase_pct"": 100, ""capex_cr"": 2500.0, ""fuel_impact"": ""Medium"", ""estimated_fuel_increase_pct"": 100}",2025-01-26 00:00:00,NEW,
76,Border Roads Organisation,Capacity Expansion,BSE,https://example.com/signal/75,LSHS,Industrial,61.5,60.0,Expansion [regulatory_events],West Region,SO_WEST_01,"{""regulatory_events"": [""Expansion""]}","{""description"": ""Board approves 1200 Crore expansion project for new power plant at Karnataka"", ""location"": ""Karnataka"", ""capacity_increase_pct"": 60.0, ""capex_cr"": 1200.0, ""fuel_impact"": ""Medium"", ""estimated_fuel_increase_pct"": 60.0}",2025-01-17 00:00:00,NEW,
89,ACC Ltd,Financial Announcement,BSE,https://example.com/signal/88,,Industrial,54.0,80.0,Expansion [regulatory_events],Unassigned,,"{""regulatory_events"": [""Expansion""]}","{""description"": ""Board approves 1500 Crore CAPEX for 15% capacity expansion in Cement production"", ""location"": ""Maharashtra"", ""capacity_increase_pct"": 15.0, ""capex_cr"": 1500.0, ""fuel_impact"": ""Medium"", ""estimated_fuel_increase_pct"": 15.0}",2026-02-05 00:00:00,NEW,
102,Tata Steel Ltd,New Company Registration,PARIVESH,https://example.com/signal/101,Bitumen & HSD,Industrial,54.0,75.0,No keywords,Unassigned,,{},"{""description"": ""New Registration: {company} with \u20b9100.0 Cr Capital. Objects: To carry on the business of infrastructure development, road construction, highway projects."", ""location"": ""Rajasthan"", ""authorized_capital_cr"": 100.0, ""inferred_needs"": [""Construction Machinery""]}",2026-01-27 00:00:00,NEW,
15,PWD Maharashtra,Credit Rating Rationale,PARIVESH,https://example.com/signal/14,Furnace Oil & LDO,Industrial,54.0,90.0,"Thermic Fluid Heater [industrial_machinery] | NIT, Greenfield Project, CTO [regulatory_events]",East Region,SO_EAST_01,"{""industrial_machinery"": [""Thermic Fluid Heater""], ""regulatory_events"": [""NIT"", ""Greenfield Project"", ""CTO""]}","{""description"": ""The rating factors in the bank facilities rated for the greenfield project at Odisha. The unit calls for installation of new thermic fluid heaters and boilers."", ""location"": ""Odisha"", ""loan_purpose"": ""New Project / Greenfield Expansion"", ""fuel_signals"": [{""signal"": ""Greenfield Project"", ""product"": ""Furnace Oil & LDO"", ""reason"": ""New manufacturing unit requires initial heating/power""}]}",2026-01-17 00:00:00,NEW,
57,Shapoorji Pallonji,Financial Announcement,BSE,https://example.com/signal/56,,Industrial,48.0,80.0,Expansion [regulatory_events],Unassigned,,"{""regulatory_events"": [""Expansion""]}","{""description"": ""Board approves 250 Crore CAPEX for 25% capacity expansion in Cement production"", ""location"": ""Tamil Nadu"", ""capacity_increase_pct"": 25.0, ""capex_cr"": 250.0, ""fuel_impact"": ""Medium"", ""estimated_fuel_increase_pct"": 25.0}",2026-01-18 00:00:00,NEW,
92,National Highways Authority of India,Financial Announcement,BSE,https://example.com/signal/91,,Industrial,48.0,80.0,Expansion [regulatory_events],Unassigned,,"{""regulatory_events"": [""Expansion""]}","{""description"": ""Board approves 1500 Crore CAPEX for 30% capacity expansion in Power generation"", ""location"": ""Andhra Pradesh"", ""capacity_increase_pct"": 30.0, ""capex_cr"": 1500.0, ""fuel_impact"": ""Medium"", ""estimated_fuel_increase_pct"": 30.0}",2026-01-11 00:00:00,NEW,
116,ACC Ltd,New Company Registration,PARIVESH,https://example.com/signal/115,Bitumen & HSD,Industrial,45.0,75.0,No keywords,Unassigned,,{},"{""description"": ""New Registration: {company} with \u20b9100.0 Cr Capital. Objects: To carry on the business of infrastructure development, road construction, highway projects."", ""location"": ""Andhra Pradesh"", ""authorized_capital_cr"": 100.0, ""inferred_needs"": [""Construction Machinery""]}",2025-12-14 00:00:00,NEW,
39,Gammon India,Credit Rating Rationale,PARIVESH,https://example.com/signal/38,Furnace Oil & LDO,Industrial,45.0,90.0,"Thermic Fluid Heater [industrial_machinery] | NIT, Greenfield Project, CTO [regulatory_events]",West Region,SO_WEST_01,"{""industrial_machinery"": [""Thermic Fluid Heater""], ""regulatory_events"": [""NIT"", ""Greenfield Project"", ""CTO""]}","{""description"": ""The rating factors in the upcoming loan for the greenfield project at Gujarat. The unit calls for installation of new thermic fluid heaters and boilers."", ""location"": ""Gujarat"", ""loan_purpose"": ""New Project / Greenfield Expansion"", ""fuel_signals"": [{""signal"": ""Greenfield Project"", ""product"": ""Furnace Oil & LDO"", ""reason"": ""New manufacturing unit requires initial heating/power""}]}",2025-11-28 00:00:00,NEW,
10,Hindalco Industries,New Company Registration,PARIVESH,https://example.com/signal/9,Bitumen & HSD,Industrial,45.0,75.0,No keywords,Unassigned,,{},"{""description"": ""New Registration: {company} with \u20b925.0 Cr Capital. Objects: To carry on the business of infrastructure development, road construction, highway projects."", ""location"": ""Rajasthan"", ""authorized_capital_cr"": 25.0, ""inferred_needs"": [""Construction Machinery""]}",2025-11-13 00:00:00,NEW,
43,Ambuja Cements Ltd,New Company Registration,PARIVESH,https://example.com/signal/42,Bitumen & HSD,Industrial,45.0,75.0,No keywords,Unassigned,,{},"{""description"": ""New Registration: {company} with \u20b950.0 Cr Capital. Objects: To carry on the business of infrastructure development, road construction, highway projects."", ""location"": ""West Bengal"", ""authorized_capital_cr"": 50.0, ""inferred_needs"": [""Construction Machinery""]}",2025-10-03 00:00:00,NEW,
110,Gujarat State Petronet Ltd,Credit Rating Rationale,PARIVESH,https://example.com/signal/109,Furnace Oil & LDO,Industrial,45.0,90.0,"Thermic Fluid Heater [industrial_machinery] | NIT, Greenfield Project, CTO [regulatory_events]",East Region,SO_EAST_01,"{""industrial_machinery"": [""Thermic Fluid Heater""], ""regulatory_events"": [""NIT"", ""Greenfield Project"", ""CTO""]}","{""description"": ""The rating factors in the upcoming loan for the greenfield project at Odisha. The unit calls for installation of new thermic fluid heaters and boilers."", ""location"": ""Odisha"", ""loan_purpose"": ""New Project / Greenfield Expansion"", ""fuel_signals"": [{""signal"": ""Greenfield Project"", ""product"": ""Furnace Oil & LDO"", ""reason"": ""New manufacturing unit requires initial heating/power""}]}",2025-09-20 00:00:00,NEW,
71,Adani Power Ltd,Credit Rating Rationale,PARIVESH,https://example.com/signal/70,Furnace Oil & LDO,Industrial,45.0,90.0,"Thermic Fluid Heater [industrial_machinery] | NIT, Greenfield Project, CTO [regulatory_events]",North Region,SO_NORTH_01,"{""industrial_machinery"": [""Thermic Fluid Heater""], ""regulatory_events"": [""NIT"", ""Greenfield Project"", ""CTO""]}","{""description"": ""The rating factors in the bank facilities rated for the greenfield project at Delhi. The unit calls for installation of new thermic fluid heaters and boilers."", ""location"": ""Delhi"", ""loan_purpose"": ""New Project / Greenfield Expansion"", ""fuel_signals"": [{""signal"": ""Greenfield Project"", ""product"": ""Furnace Oil & LDO"", ""reason"": ""New manufacturing unit requires initial heating/power""}]}",2025-08-01 00:00:00,NEW,
14,Larsen & Toubro Ltd,Credit Rating Rationale,PARIVESH,https://example.com/signal/13,Furnace Oil & LDO,Industrial,45.0,90.0,"Thermic Fluid Heater [industrial_machinery] | NIT, Greenfield Project, CTO [regulatory_events]",South Region,SO_SOUTH_01,"{""industrial_machinery"": [""Thermic Fluid Heater""], ""regulatory_events"": [""NIT"", ""Greenfield Project"", ""CTO""]}","{""description"": ""The rating factors in the upcoming loan for the greenfield project at Tamil Nadu. The unit calls for installation of new thermic fluid heaters and boilers."", ""location"": ""Tamil Nadu"", ""loan_purpose"": ""New Project / Greenfield Expansion"", ""fuel_signals"": [{""signal"": ""Greenfield Project"", ""product"": ""Furnace Oil & LDO"", ""reason"": ""New manufacturing unit requires initial heating/power""}]}",2025-04-07 00:00:00,NEW,
112,Arvind Ltd,Credit Rating Rationale,PARIVESH,https://example.com/signal/111,Furnace Oil & LDO,Industrial,45.0,90.0,"Thermic Fluid Heater [industrial_machinery] | NIT, Greenfield Project, CTO [regulatory_events]",North Region,SO_NORTH_01,"{""industrial_machinery"": [""Thermic Fluid Heater""], ""regulatory_events"": [""NIT"", ""Greenfield Project"", ""CTO""]}","{""description"": ""The rating factors in the bank facilities rated for the greenfield project at Punjab. The unit calls for installation of new thermic fluid heaters and boilers."", ""location"": ""Punjab"", ""loan_purpose"": ""New Project / Greenfield Expansion"", ""fuel_signals"": [{""signal"": ""Greenfield Project"", ""product"": ""Furnace Oil & LDO"", ""reason"": ""New manufacturing unit requires initial heating/power""}]}",2025-03-13 00:00:00,NEW,
101,Tata Power Company Ltd,Credit Rating Rationale,PARIVESH,https://example.com/signal/100,Furnace Oil & LDO,Industrial,45.0,90.0,"Thermic Fluid Heater [industrial_machinery] | NIT, Greenfield Project, CTO [regulatory_events]",Unassigned,,"{""industrial_machinery"": [""Thermic Fluid Heater""], ""regulatory_events"": [""NIT"", ""Greenfield Project"", ""CTO""]}","{""description"": ""The rating factors in the term loan facility for the greenfield project at Haryana. The unit calls for installation of new thermic fluid heaters and boilers."", ""location"": ""Haryana"", ""loan_purpose"": ""New Project / Greenfield Expansion"", ""fuel_signals"": [{""signal"": ""Greenfield Project"", ""product"": ""Furnace Oil & LDO"", ""reason"": ""New manufacturing unit requires initial heating/power""}]}",2025-01-31 00:00:00,NEW,
3,Hindalco Industries,New Company Registration,PARIVESH,https://example.com/signal/2,Furnace Oil & Coal,Industrial,39.0,75.0,No keywords,Unassigned,,{},"{""description"": ""New Registration: {company} with \u20b925.0 Cr Capital. Objects: To manufacture and deal in bulk drugs, pharmaceutical formulations, and chemical solvents."", ""location"": ""Uttar Pradesh"", ""authorized_capital_cr"": 25.0, ""inferred_needs"": [""Steam Boilers for process heat""]}",2026-01-06 00:00:00,NEW,
117,Gammon India,Financial Announcement,BSE,https://example.com/signal/116,,Industrial,39.0,80.0,Expansion [regulatory_events],Unassigned,,"{""regulatory_events"": [""Expansion""]}","{""description"": ""Board approves 500 Crore CAPEX for 20% capacity expansion in Steel manufacturing"", ""location"": ""Tamil Nadu"", ""capacity_increase_pct"": 20.0, ""capex_cr"": 500.0, ""fuel_impact"": ""Medium"", ""estimated_fuel_increase_pct"": 20.0}",2025-12-29 00:00:00,NEW,
48,Delhi Metro Rail Corporation,Financial Announcement,BSE,https://example.com/signal/47,Solvents,Industrial,39.0,80.0,Expansion [regulatory_events],Unassigned,,"{""regulatory_events"": [""Expansion""]}","{""description"": ""Board approves 250 Crore CAPEX for 20% capacity expansion in Textile operations"", ""location"": ""West Bengal"", ""capacity_increase_pct"": 20.0, ""capex_cr"": 250.0, ""fuel_impact"": ""Medium"", ""estimated_fuel_increase_pct"": 20.0}",2025-12-04 00:00:00,NEW,
87,Century Textiles,Financial Announcement,BSE,https://example.com/signal/86,,Industrial,39.0,80.0,Expansion [regulatory_events],Unassigned,,"{""regulatory_events"": [""Expansion""]}","{""description"": ""Board approves 500 Crore CAPEX for 30% capacity expansion in Power generation"", ""location"": ""Karnataka"", ""capacity_increase_pct"": 30.0, ""capex_cr"": 500.0, ""fuel_impact"": ""Medium"", ""estimated_fuel_increase_pct"": 30.0}",2025-11-12 00:00:00,NEW,
13,Ambuja Cements Ltd,Credit Rating Rationale,PARIVESH,https://example.com/signal/12,Bio-Fuels / Sulphur,Industrial,39.0,90.0,"NIT, Expansion, CTO [regulatory_events]",South Region,SO_SOUTH_01,"{""regulatory_events"": [""NIT"", ""Expansion"", ""CTO""]}","{""description"": ""The rating factors in the proposed NCDs for the capacity expansion of the sugar unit at Tamil Nadu. The setup requires molasses handling and steam generation."", ""location"": ""Tamil Nadu"", ""loan_purpose"": ""Sugar/Ethanol Capacity Expansion"", ""fuel_signals"": [{""signal"": ""Sugar/Distillery Unit"", ""product"": ""Bio-Fuels / Sulphur"", ""reason"": ""Sugar processing and ethanol blending""}]}",2025-10-29 00:00:00,NEW,
25,JSW Steel Ltd,Financial Announcement,BSE,https://example.com/signal/24,Solvents,Industrial,39.0,80.0,Expansion [regulatory_events],Unassigned,,"{""regulatory_events"": [""Expansion""]}","{""description"": ""Board approves 500 Crore CAPEX for 15% capacity expansion in Chemical processing"", ""location"": ""Karnataka"", ""capacity_increase_pct"": 15.0, ""capex_cr"": 500.0, ""fuel_impact"": ""Medium"", ""estimated_fuel_increase_pct"": 15.0}",2025-10-25 00:00:00,NEW,
4,Grasim Industries Ltd,Financial Announcement,BSE,https://example.com/signal/3,Solvents,Industrial,39.0,80.0,Expansion [regulatory_events],Unassigned,,"{""regulatory_events"": [""Expansion""]}","{""description"": ""Board approves 250 Crore CAPEX for 30% capacity expansion in Textile operations"", ""location"": ""Rajasthan"", ""capacity_increase_pct"": 30.0, ""capex_cr"": 250.0, ""fuel_impact"": ""Medium"", ""estimated_fuel_increase_pct"": 30.0}",2025-10-24 00:00:00,NEW,
17,Shapoorji Pallonji,Credit Rating Rationale,PARIVESH,https://example.com/signal/16,Bio-Fuels / Sulphur,Industrial,39.0,90.0,"NIT, Expansion, CTO [regulatory_events]",Unassigned,,"{""regulatory_events"": [""NIT"", ""Expansion"", ""CTO""]}","{""description"": ""The rating factors in the proposed NCDs for the capacity expansion of the sugar unit at Andhra Pradesh. The setup requires molasses handling and steam generation."", ""location"": ""Andhra Pradesh"", ""loan_purpose"": ""Sugar/Ethanol Capacity Expansion"", ""fuel_signals"": [{""signal"": ""Sugar/Distillery Unit"", ""product"": ""Bio-Fuels / Sulphur"", ""reason"": ""Sugar processing and ethanol blending""}]}",2025-10-16 00:00:00,NEW,
114,Grasim Industries Ltd,Financial Announcement,BSE,https://example.com/signal/113,Solvents,Industrial,39.0,80.0,Expansion [regulatory_events],Unassigned,,"{""regulatory_events"": [""Expansion""]}","{""description"": ""Board approves 250 Crore CAPEX for 15% capacity expansion in Textile operations"", ""location"": ""Uttar Pradesh"", ""capacity_increase_pct"": 15.0, ""capex_cr"": 250.0, ""fuel_impact"": ""Medium"", ""estimated_fuel_increase_pct"": 15.0}",2025-10-14 00:00:00,NEW,
109,Ultratech Cement Ltd,Financial Announcement,BSE,https://example.com/signal/108,Solvents,Industrial,39.0,80.0,Expansion [regulatory_events],Unassigned,,"{""regulatory_events"": [""Expansion""]}","{""description"": ""Board approves 3000 Crore CAPEX for 30% capacity expansion in Chemical processing"", ""location"": ""Punjab"", ""capacity_increase_pct"": 30.0, ""capex_cr"": 3000.0, ""fuel_impact"": ""Medium"", ""estimated_fuel_increase_pct"": 30.0}",2025-10-06 00:00:00,NEW,
28,Ambuja Cements Ltd,Financial Announcement,BSE,https://example.com/signal/27,,Industrial,39.0,80.0,Expansion [regulatory_events],Unassigned,,"{""regulatory_events"": [""Expansion""]}","{""description"": ""Board approves 3000 Crore CAPEX for 20% capacity expansion in Steel manufacturing"", ""location"": ""Madhya Pradesh"", ""capacity_increase_pct"": 20.0, ""capex_cr"": 3000.0, ""fuel_impact"": ""Medium"", ""estimated_fuel_increase_pct"": 20.0}",2025-10-03 00:00:00,NEW,
95,Shapoorji Pallonji,Financial Announcement,BSE,https://example.com/signal/94,,Industrial,39.0,80.0,Expansion [regulatory_events],Unassigned,,"{""regulatory_events"": [""Expansion""]}","{""description"": ""Board approves 250 Crore CAPEX for 30% capacity expansion in Steel manufacturing"", ""location"": ""Karnataka"", ""capacity_increase_pct"": 30.0, ""capex_cr"": 250.0, ""fuel_impact"": ""Medium"", ""estimated_fuel_increase_pct"": 30.0}",2025-09-29 00:00:00,NEW,
68,Adani Power Ltd,Financial Announcement,BSE,https://example.com/signal/67,Solvents,Industrial,39.0,80.0,Expansion [regulatory_events],Unassigned,,"{""regulatory_events"": [""Expansion""]}","{""description"": ""Board approves 1500 Crore CAPEX for 20% capacity expansion in Chemical processing"", ""location"": ""Tamil Nadu"", ""capacity_increase_pct"": 20.0, ""capex_cr"": 1500.0, ""fuel_impact"": ""Medium"", ""estimated_fuel_increase_pct"": 20.0}",2025-09-18 00:00:00,NEW,
80,Gammon India,New Company Registration,PARIVESH,https://example.com/signal/79,Furnace Oil & Coal,Industrial,39.0,75.0,No keywords,Unassigned,,{},"{""description"": ""New Registration: {company} with \u20b925.0 Cr Capital. Objects: To manufacture and deal in bulk drugs, pharmaceutical formulations, and chemical solvents."", ""location"": ""Haryana"", ""authorized_capital_cr"": 25.0, ""inferred_needs"": [""Steam Boilers for process heat""]}",2025-09-03 00:00:00,NEW,
37,JSW Steel Ltd,Financial Announcement,BSE,https://example.com/signal/36,,Industrial,39.0,80.0,Expansion [regulatory_events],Unassigned,,"{""regulatory_events"": [""Expansion""]}","{""description"": ""Board approves 1000 Crore CAPEX for 15% capacity expansion in Cement production"", ""location"": ""West Bengal"", ""capacity_increase_pct"": 15.0, ""capex_cr"": 1000.0, ""fuel_impact"": ""Medium"", ""estimated_fuel_increase_pct"": 15.0}",2025-08-29 00:00:00,NEW,
77,Adani Power Ltd,New Company Registration,PARIVESH,https://example.com/signal/76,Furnace Oil & Coal,Industrial,39.0,75.0,No keywords,Unassigned,,{},"{""description"": ""New Registration: {company} with \u20b910.0 Cr Capital. Objects: To manufacture and deal in bulk drugs, pharmaceutical formulations, and chemical solvents."", ""location"": ""Maharashtra"", ""authorized_capital_cr"": 10.0, ""inferred_needs"": [""Steam Boilers for process heat""]}",2025-08-19 00:00:00,NEW,
5,Tata Steel Ltd,New Company Registration,PARIVESH,https://example.com/signal/4,Furnace Oil & Coal,Industrial,39.0,75.0,No keywords,Unassigned,,{},"{""description"": ""New Registration: {company} with \u20b9100.0 Cr Capital. Objects: To manufacture and deal in bulk drugs, pharmaceutical formulations, and chemical solvents."", ""location"": ""West Bengal"", ""authorized_capital_cr"": 100.0, ""inferred_needs"": [""Steam Boilers for process heat""]}",2025-07-21 00:00:00,NEW,
12,Hindalco Industries,Financial Announcement,BSE,https://example.com/signal/11,Solvents,Industrial,39.0,80.0,Expansion [regulatory_events],Unassigned,,"{""regulatory_events"": [""Expansion""]}","{""description"": ""Board approves 250 Crore CAPEX for 20% capacity expansion in Textile operations"", ""location"": ""Delhi"", ""capacity_increase_pct"": 20.0, ""capex_cr"": 250.0, ""fuel_impact"": ""Medium"", ""estimated_fuel_increase_pct"": 20.0}",2025-07-04 00:00:00,NEW,
66,Delhi Metro Rail Corporation,New Company Registration,PARIVESH,https://example.com/signal/65,Furnace Oil & Coal,Industrial,39.0,75.0,No keywords,Unassigned,,{},"{""description"": ""New Registration: {company} with \u20b9100.0 Cr Capital. Objects: To manufacture and deal in bulk drugs, pharmaceutical formulations, and chemical solvents."", ""location"": ""Madhya Pradesh"", ""authorized_capital_cr"": 100.0, ""inferred_needs"": [""Steam Boilers for process heat""]}",2025-06-12 00:00:00,NEW,
36,Ambuja Cements Ltd,Financial Announcement,BSE,https://example.com/signal/35,Solvents,Industrial,39.0,80.0,Expansion [regulatory_events],Unassigned,,"{""regulatory_events"": [""Expansion""]}","{""description"": ""Board approves 500 Crore CAPEX for 25% capacity expansion in Textile operations"", ""location"": ""West Bengal"", ""capacity_increase_pct"": 25.0, ""capex_cr"": 500.0, ""fuel_impact"": ""Medium"", ""estimated_fuel_increase_pct"": 25.0}",2025-05-29 00:00:00,NEW,
67,NTPC Ltd,Credit Rating Rationale,PARIVESH,https://example.com/signal/66,Bio-Fuels / Sulphur,Industrial,39.0,90.0,"NIT, Expansion, CTO [regulatory_events]",Unassigned,,"{""regulatory_events"": [""NIT"", ""Expansion"", ""CTO""]}","{""description"": ""The rating factors in the proposed NCDs for the capacity expansion of the sugar unit at Uttar Pradesh. The setup requires molasses handling and steam generation."", ""location"": ""Uttar Pradesh"", ""loan_purpose"": ""Sugar/Ethanol Capacity Expansion"", ""fuel_signals"": [{""signal"": ""Sugar/Distillery Unit"", ""product"": ""Bio-Fuels / Sulphur"", ""reason"": ""Sugar processing and ethanol blending""}]}",2025-05-12 00:00:00,NEW,
85,Vedanta Ltd,Financial Announcement,BSE,https://example.com/signal/84,Solvents,Industrial,39.0,80.0,Expansion [regulatory_events],Unassigned,,"{""regulatory_events"": [""Expansion""]}","{""description"": ""Board approves 1000 Crore CAPEX for 40% capacity expansion in Textile operations"", ""location"": ""Jharkhand"", ""capacity_increase_pct"": 40.0, ""capex_cr"": 1000.0, ""fuel_impact"": ""Medium"", ""estimated_fuel_increase_pct"": 40.0}",2025-05-05 00:00:00,NEW,
74,National Highways Authority of India,Financial Announcement,BSE,https://example.com/signal/73,,Industrial,39.0,80.0,Expansion [regulatory_events],Unassigned,,"{""regulatory_events"": [""Expansion""]}","{""description"": ""Board approves 500 Crore CAPEX for 15% capacity expansion in Steel manufacturing"", ""location"": ""Gujarat"", ""capacity_increase_pct"": 15.0, ""capex_cr"": 500.0, ""fuel_impact"": ""Medium"", ""estimated_fuel_increase_pct"": 15.0}",2025-04-24 00:00:00,NEW,
60,Larsen & Toubro Ltd,Financial Announcement,BSE,https://example.com/signal/59,Solvents,Industrial,39.0,80.0,Expansion [regulatory_events],Unassigned,,"{""regulatory_events"": [""Expansion""]}","{""description"": ""Board approves 3000 Crore CAPEX for 25% capacity expansion in Chemical processing"", ""location"": ""Madhya Pradesh"", ""capacity_increase_pct"": 25.0, ""capex_cr"": 3000.0, ""fuel_impact"": ""Medium"", ""estimated_fuel_increase_pct"": 25.0}",2025-04-02 00:00:00,NEW,
1,Delhi Metro Rail Corporation,Financial Announcement,BSE,https://example.com/signal/0,Solvents,Industrial,39.0,80.0,Expansion [regulatory_events],Unassigned,,"{""regulatory_events"": [""Expansion""]}","{""description"": ""Board approves 3000 Crore CAPEX for 25% capacity expansion in Chemical processing"", ""location"": ""Rajasthan"", ""capacity_increase_pct"": 25.0, ""capex_cr"": 3000.0, ""fuel_impact"": ""Medium"", ""estimated_fuel_increase_pct"": 25.0}",2025-04-01 00:00:00,NEW,
115,Indian Oil Corporation Ltd,Financial Announcement,BSE,https://example.com/signal/114,Solvents,Industrial,39.0,80.0,Expansion [regulatory_events],Unassigned,,"{""regulatory_events"": [""Expansion""]}","{""description"": ""Board approves 500 Crore CAPEX for 20% capacity expansion in Chemical processing"", ""location"": ""Gujarat"", ""capacity_increase_pct"": 20.0, ""capex_cr"": 500.0, ""fuel_impact"": ""Medium"", ""estimated_fuel_increase_pct"": 20.0}",2025-04-01 00:00:00,NEW,
106,Grasim Industries Ltd,Financial Announcement,BSE,https://example.com/signal/105,,Industrial,39.0,80.0,Expansion [regulatory_events],Unassigned,,"{""regulatory_events"": [""Expansion""]}","{""description"": ""Board approves 250 Crore CAPEX for 15% capacity expansion in Steel manufacturing"", ""location"": ""Odisha"", ""capacity_increase_pct"": 15.0, ""capex_cr"": 250.0, ""fuel_impact"": ""Medium"", ""estimated_fuel_increase_pct"": 15.0}",2025-03-22 00:00:00,NEW,
35,Indian Oil Corporation Ltd,Financial Announcement,BSE,https://example.com/signal/34,Solvents,Industrial,39.0,80.0,Expansion [regulatory_events],Unassigned,,"{""regulatory_events"": [""Expansion""]}","{""description"": ""Board approves 500 Crore CAPEX for 15% capacity expansion in Chemical processing"", ""location"": ""Delhi"", ""capacity_increase_pct"": 15.0, ""capex_cr"": 500.0, ""fuel_impact"": ""Medium"", ""estimated_fuel_increase_pct"": 15.0}",2025-03-14 00:00:00,NEW,
38,Reliance Industries Ltd,Financial Announcement,BSE,https://example.com/signal/37,,Industrial,39.0,80.0,Expansion [regulatory_events],Unassigned,,"{""regulatory_events"": [""Expansion""]}","{""description"": ""Board approves 1000 Crore CAPEX for 25% capacity expansion in Cement production"", ""location"": ""Chhattisgarh"", ""capacity_increase_pct"": 25.0, ""capex_cr"": 1000.0, ""fuel_impact"": ""Medium"", ""estimated_fuel_increase_pct"": 25.0}",2025-03-09 00:00:00,NEW,
7,Bharat Petroleum Corp Ltd,Financial Announcement,BSE,https://example.com/signal/6,,Industrial,39.0,80.0,Expansion [regulatory_events],Unassigned,,"{""regulatory_events"": [""Expansion""]}","{""description"": ""Board approves 500 Crore CAPEX for 40% capacity expansion in Steel manufacturing"", ""location"": ""Rajasthan"", ""capacity_increase_pct"": 40.0, ""capex_cr"": 500.0, ""fuel_impact"": ""Medium"", ""estimated_fuel_increase_pct"": 40.0}",2025-03-06 00:00:00,NEW,
32,Vedanta Ltd,Financial Announcement,BSE,https://example.com/signal/31,,Industrial,39.0,80.0,Expansion [regulatory_events],Unassigned,,"{""regulatory_events"": [""Expansion""]}","{""description"": ""Board approves 250 Crore CAPEX for 20% capacity expansion in Steel manufacturing"", ""location"": ""Andhra Pradesh"", ""capacity_increase_pct"": 20.0, ""capex_cr"": 250.0, ""fuel_impact"": ""Medium"", ""estimated_fuel_increase_pct"": 20.0}",2025-03-06 00:00:00,NEW,
30,Border Roads Organisation,Credit Rating Rationale,PARIVESH,https://example.com/signal/29,Bio-Fuels / Sulphur,Industrial,39.0,90.0,"NIT, Expansion, CTO [regulatory_events]",East Region,SO_EAST_01,"{""regulatory_events"": [""NIT"", ""Expansion"", ""CTO""]}","{""description"": ""The rating factors in the proposed NCDs for the capacity expansion of the sugar unit at West Bengal. The setup requires molasses handling and steam generation."", ""location"": ""West Bengal"", ""loan_purpose"": ""Sugar/Ethanol Capacity Expansion"", ""fuel_signals"": [{""signal"": ""Sugar/Distillery Unit"", ""product"": ""Bio-Fuels / Sulphur"", ""reason"": ""Sugar processing and ethanol blending""}]}",2025-03-02 00:00:00,NEW,
75,Border Roads Organisation,New Company Registration,PARIVESH,https://example.com/signal/74,Furnace Oil & Coal,Industrial,39.0,75.0,No keywords,Unassigned,,{},"{""description"": ""New Registration: {company} with \u20b910.0 Cr Capital. Objects: To manufacture and deal in bulk drugs, pharmaceutical formulations, and chemical solvents."", ""location"": ""Maharashtra"", ""authorized_capital_cr"": 10.0, ""inferred_needs"": [""Steam Boilers for process heat""]}",2025-02-28 00:00:00,NEW,
54,Arvind Ltd,Financial Announcement,BSE,https://example.com/signal/53,,Industrial,39.0,80.0,Expansion [regulatory_events],Unassigned,,"{""regulatory_events"": [""Expansion""]}","{""description"": ""Board approves 500 Crore CAPEX for 40% capacity expansion in Steel manufacturing"", ""location"": ""Maharashtra"", ""capacity_increase_pct"": 40.0, ""capex_cr"": 500.0, ""fuel_impact"": ""Medium"", ""estimated_fuel_increase_pct"": 40.0}",2025-02-14 00:00:00,NEW,
103,Larsen & Toubro Ltd,Credit Rating Rationale,PARIVESH,https://example.com/signal/102,Bio-Fuels / Sulphur,Industrial,39.0,90.0,"NIT, Expansion, CTO [regulatory_events]",Unassigned,,"{""regulatory_events"": [""NIT"", ""Expansion"", ""CTO""]}","{""description"": ""The rating factors in the upcoming loan for the capacity expansion of the sugar unit at Uttar Pradesh. The setup requires molasses handling and steam generation."", ""location"": ""Uttar Pradesh"", ""loan_purpose"": ""Sugar/Ethanol Capacity Expansion"", ""fuel_signals"": [{""signal"": ""Sugar/Distillery Unit"", ""product"": ""Bio-Fuels / Sulphur"", ""reason"": ""Sugar processing and ethanol blending""}]}",2025-01-13 00:00:00,NEW,
51,Ultratech Cement Ltd,Financial Announcement,BSE,https://example.com/signal/50,,Industrial,39.0,80.0,Expansion [regulatory_events],Unassigned,,"{""regulatory_events"": [""Expansion""]}","{""description"": ""Board approves 250 Crore CAPEX for 25% capacity expansion in Power generation"", ""location"": ""Andhra Pradesh"", ""capacity_increase_pct"": 25.0, ""capex_cr"": 250.0, ""fuel_impact"": ""Medium"", ""estimated_fuel_increase_pct"": 25.0}",2025-01-07 00:00:00,NEW,
20,Tata Steel Ltd,Financial Announcement,BSE,https://example.com/signal/19,,Industrial,39.0,80.0,Expansion [regulatory_events],Unassigned,,"{""regulatory_events"": [""Expansion""]}","{""description"": ""Board approves 500 Crore CAPEX for 20% capacity expansion in Cement production"", ""location"": ""West Bengal"", ""capacity_increase_pct"": 20.0, ""capex_cr"": 500.0, ""fuel_impact"": ""Medium"", ""estimated_fuel_increase_pct"": 20.0}",2025-01-04 00:00:00,NEW,
100,Gujarat State Petronet Ltd,Credit Rating Rationale,PARIVESH,https://example.com/signal/99,Bitumen & HSD,Industrial,35.0,90.0,CTO [regulatory_events],North Region,SO_NORTH_01,"{""regulatory_events"": [""CTO""]}","{""description"": ""The rating factors in the term loan facility for the road widening project at Punjab. The project involves 4-laning and bituminous concreting over 120 km."", ""location"": ""Punjab"", ""loan_purpose"": ""Infrastructure Development"", ""fuel_signals"": [{""signal"": ""Road Infrastructure"", ""product"": ""Bitumen & HSD"", ""reason"": ""Road construction requires Bitumen and Diesel for machinery""}]}",2026-01-04 00:00:00,NEW,
86,Delhi Metro Rail Corporation,New Company Registration,PARIVESH,https://example.com/signal/85,HSD & LDO,Industrial,35.0,75.0,NIT [regulatory_events],Unassigned,,"{""regulatory_events"": [""NIT""]}","{""description"": ""New Registration: {company} with \u20b910.0 Cr Capital. Objects: To set up cold storage facilities, food processing units, and deal in agricultural produce."", ""location"": ""Delhi"", ""authorized_capital_cr"": 10.0, ""inferred_needs"": [""DG Sets and Refrigeration""]}",2025-11-24 00:00:00,NEW,
55,NTPC Ltd,New Company Registration,PARIVESH,https://example.com/signal/54,Thermic Fluid & Fuel Oil,Industrial,35.0,75.0,No keywords,Unassigned,,{},"{""description"": ""New Registration: {company} with \u20b925.0 Cr Capital. Objects: To carry on the business of manufacturing, processing, spinning, weaving, and dealing in polyester yarns and fabrics."", ""location"": ""Haryana"", ""authorized_capital_cr"": 25.0, ""inferred_needs"": [""Thermic Fluid Heaters for dyeing/printing""]}",2025-10-29 00:00:00,NEW,
78,Border Roads Organisation,Credit Rating Rationale,PARIVESH,https://example.com/signal/77,Lubricants & Fuel Oil,Industrial,35.0,90.0,"NIT, CTO [regulatory_events]",South Region,SO_SOUTH_01,"{""regulatory_events"": [""NIT"", ""CTO""]}","{""description"": ""The rating factors in the bank facilities rated for the new textile unit at Tamil Nadu. The project involves installation of 50,000 spindles requiring constant lubrication."", ""location"": ""Tamil Nadu"", ""loan_purpose"": ""General Corporate Purposes"", ""fuel_signals"": [{""signal"": ""Textile Unit"", ""product"": ""Lubricants & Fuel Oil"", ""reason"": ""Spinning mills require constant lubrication and heating""}]}",2025-10-04 00:00:00,NEW,
22,Indian Oil Corporation Ltd,Credit Rating Rationale,PARIVESH,https://example.com/signal/21,Bitumen & HSD,Industrial,35.0,90.0,CTO [regulatory_events],East Region,SO_EAST_01,"{""regulatory_events"": [""CTO""]}","{""description"": ""The rating factors in the upcoming loan for the road widening project at Odisha. The project involves 4-laning and bituminous concreting over 120 km."", ""location"": ""Odisha"", ""loan_purpose"": ""Infrastructure Development"", ""fuel_signals"": [{""signal"": ""Road Infrastructure"", ""product"": ""Bitumen & HSD"", ""reason"": ""Road construction requires Bitumen and Diesel for machinery""}]}",2025-09-30 00:00:00,NEW,
118,Ambuja Cements Ltd,New Company Registration,PARIVESH,https://example.com/signal/117,Thermic Fluid & Fuel Oil,Industrial,35.0,75.0,No keywords,Unassigned,,{},"{""description"": ""New Registration: {company} with \u20b925.0 Cr Capital. Objects: To carry on the business of manufacturing, processing, spinning, weaving, and dealing in polyester yarns and fabrics."", ""location"": ""Odisha"", ""authorized_capital_cr"": 25.0, ""inferred_needs"": [""Thermic Fluid Heaters for dyeing/printing""]}",2025-09-22 00:00:00,NEW,
11,PWD Maharashtra,New Company Registration,PARIVESH,https://example.com/signal/10,Thermic Fluid & Fuel Oil,Industrial,35.0,75.0,No keywords,Unassigned,,{},"{""description"": ""New Registration: {company} with \u20b950.0 Cr Capital. Objects: To carry on the business of manufacturing, processing, spinning, weaving, and dealing in polyester yarns and fabrics."", ""location"": ""Tamil Nadu"", ""authorized_capital_cr"": 50.0, ""inferred_needs"": [""Thermic Fluid Heaters for dyeing/printing""]}",2025-09-18 00:00:00,NEW,
69,Vedanta Ltd,Credit Rating Rationale,PARIVESH,https://example.com/signal/68,Bitumen & HSD,Industrial,35.0,90.0,CTO [regulatory_events],West Region,SO_WEST_01,"{""regulatory_events"": [""CTO""]}","{""description"": ""The rating factors in the proposed NCDs for the road widening project at Maharashtra. The project involves 4-laning and bituminous concreting over 120 km."", ""location"": ""Maharashtra"", ""loan_purpose"": ""Infrastructure Development"", ""fuel_signals"": [{""signal"": ""Road Infrastructure"", ""product"": ""Bitumen & HSD"", ""reason"": ""Road construction requires Bitumen and Diesel for machinery""}]}",2025-09-13 00:00:00,NEW,
119,Ambuja Cements Ltd,Credit Rating Rationale,PARIVESH,https://example.com/signal/118,Lubricants & Fuel Oil,Industrial,35.0,90.0,"NIT, CTO [regulatory_events]",East Region,SO_EAST_01,"{""regulatory_events"": [""NIT"", ""CTO""]}","{""description"": ""The rating factors in the upcoming loan for the new textile unit at West Bengal. The project involves installation of 50,000 spindles requiring constant lubrication."", ""location"": ""West Bengal"", ""loan_purpose"": ""General Corporate Purposes"", ""fuel_signals"": [{""signal"": ""Textile Unit"", ""product"": ""Lubricants & Fuel Oil"", ""reason"": ""Spinning mills require constant lubrication and heating""}]}",2025-08-03 00:00:00,NEW,
16,Gammon India,Credit Rating Rationale,PARIVESH,https://example.com/signal/15,Lubricants & Fuel Oil,Industrial,35.0,90.0,"NIT, CTO [regulatory_events]",Unassigned,,"{""regulatory_events"": [""NIT"", ""CTO""]}","{""description"": ""The rating factors in the term loan facility for the new textile unit at Chhattisgarh. The project involves installation of 50,000 spindles requiring constant lubrication."", ""location"": ""Chhattisgarh"", ""loan_purpose"": ""General Corporate Purposes"", ""fuel_signals"": [{""signal"": ""Textile Unit"", ""product"": ""Lubricants & Fuel Oil"", ""reason"": ""Spinning mills require constant lubrication and heating""}]}",2025-07-01 00:00:00,NEW,
40,Hindalco Industries,New Company Registration,PARIVESH,https://example.com/signal/39,HSD & LDO,Industrial,35.0,75.0,NIT [regulatory_events],Unassigned,,"{""regulatory_events"": [""NIT""]}","{""description"": ""New Registration: {company} with \u20b95.0 Cr Capital. Objects: To set up cold storage facilities, food processing units, and deal in agricultural produce."", ""location"": ""Haryana"", ""authorized_capital_cr"": 5.0, ""inferred_needs"": [""DG Sets and Refrigeration""]}",2025-05-25 00:00:00,NEW,
65,Ambuja Cements Ltd,Credit Rating Rationale,PARIVESH,https://example.com/signal/64,Lubricants & Fuel Oil,Industrial,35.0,90.0,"NIT, CTO [regulatory_events]",East Region,SO_EAST_01,"{""regulatory_events"": [""NIT"", ""CTO""]}","{""description"": ""The rating factors in the bank facilities rated for the new textile unit at Odisha. The project involves installation of 50,000 spindles requiring constant lubrication."", ""location"": ""Odisha"", ""loan_purpose"": ""General Corporate Purposes"", ""fuel_signals"": [{""signal"": ""Textile Unit"", ""product"": ""Lubricants & Fuel Oil"", ""reason"": ""Spinning mills require constant lubrication and heating""}]}",2025-05-22 00:00:00,NEW,
93,Gammon India,Credit Rating Rationale,PARIVESH,https://example.com/signal/92,Lubricants & Fuel Oil,Industrial,35.0,90.0,"NIT, CTO [regulatory_events]",Unassigned,,"{""regulatory_events"": [""NIT"", ""CTO""]}","{""description"": ""The rating factors in the bank facilities rated for the new textile unit at Andhra Pradesh. The project involves installation of 50,000 spindles requiring constant lubrication."", ""location"": ""Andhra Pradesh"", ""loan_purpose"": ""General Corporate Purposes"", ""fuel_signals"": [{""signal"": ""Textile Unit"", ""product"": ""Lubricants & Fuel Oil"", ""reason"": ""Spinning mills require constant lubrication and heating""}]}",2025-03-31 00:00:00,NEW,
6,NTPC Ltd,New Company Registration,PARIVESH,https://example.com/signal/5,HSD & LDO,Industrial,35.0,75.0,NIT [regulatory_events],Unassigned,,"{""regulatory_events"": [""NIT""]}","{""description"": ""New Registration: {company} with \u20b910.0 Cr Capital. Objects: To set up cold storage facilities, food processing units, and deal in agricultural produce."", ""location"": ""Haryana"", ""authorized_capital_cr"": 10.0, ""inferred_needs"": [""DG Sets and Refrigeration""]}",2025-03-03 00:00:00,NEW,
72,JSW Steel Ltd,Credit Rating Rationale,PARIVESH,https://example.com/signal/71,Lubricants & Fuel Oil,Industrial,35.0,90.0,"NIT, CTO [regulatory_events]",Unassigned,,"{""regulatory_events"": [""NIT"", ""CTO""]}","{""description"": ""The rating factors in the upcoming loan for the new textile unit at Jharkhand. The project involves installation of 50,000 spindles requiring constant lubrication."", ""location"": ""Jharkhand"", ""loan_purpose"": ""General Corporate Purposes"", ""fuel_signals"": [{""signal"": ""Textile Unit"", ""product"": ""Lubricants & Fuel Oil"", ""reason"": ""Spinning mills require constant lubrication and heating""}]}",2025-02-05 00:00:00,NEW,
