id,company_name,signal_type,source,source_url,keywords,sector,product_match,confidence,status,state,location,project_name,description,discovered_at
SIA/HR/INFRA2/567723/2026,dvok buildcon llp,Environmental Clearance,parivesh,,"{""regulatory_events"": [""Expansion"", ""CTO""]}",INFRA-2,"Bitumen, Diesel, HSD",100.0,Under Examination,Haryana,HARYANA,"Expansion of Proposed Residential Colony ‘Suncity Monarch’ under NILP Policy-2022 In the revenue estate of village: Shikhopur, Sector-78, district-Gurugram, Haryana By M/s DVOK Buildcon LLP","Expansion of Proposed Residential Colony ‘Suncity Monarch’ under NILP Policy-2022 In the revenue estate of village: Shikhopur, Sector-78, district-Gurugram, Haryana By M/s DVOK Buildcon LLP",2026-02-08T14:59:43.468601
SIA/HR/MIN/521880/2026,TIRUPATI EARTH AND PROJECT WORKS PRIVATE LIMITED,Environmental Clearance,parivesh,,{},Non-Coal,,100.0,Under Examination,Haryana,HARYANA,"Proposed Sand mining (Minor Mineral) from the Riverbed of Yamuna with 24,56,000 TPA production over an area of 61.94 Ha located at Village Chandauli- Pabnera, Tehsil-Ganaur, District – Sonipat, State- Haryana by M/s Tirupati Earth & Project Work Pvt. Ltd.","The mining proposed by open cast semi-mechanized method without drilling & blasting. It will start from one end (higher level) to other end (lower level) phase wise/bench wise going to the maximum depth of 3.0m bgl or above ground water level whichever is less. The minor mineral i.e. sand, is proposed to be excavated by backhoe type excavator/ JCB and directly loading in to trucks/dumpers & dispatch for market. The loading of the mineral shall be mechanical while transport of mineral from river ",2026-02-08T14:59:43.468601
SIA/HR/MIN/554851/2026,ENBRIDGE CIVIL CORPORATION,Environmental Clearance,parivesh,,{},Non-Coal,,100.0,Under Verification,Haryana,HARYANA,"River Bed Sand (Minor Mineral) Mining project at Shergarh Tapu Block, Village-Shergarh Tapu, Tehsil and District- Karnal (Haryana) (Mine Contract area –22.96 Ha.) by M/s. Enbridge Civil Corporation",it is fresh river bed mining project,2026-02-08T14:59:43.468601
SIA/HR/INFRA2/565549/2026,M/S HAAMID REAL ESTATE PVT. LTD.,Environmental Clearance,parivesh,,"{""regulatory_events"": [""Expansion"", ""CTO""]}",INFRA-2,"Bitumen, Diesel, HSD",100.0,Under Verification,Haryana,HARYANA,"Expansion Cum Modification of Group Housing Project planned at village Palra, Sector 70A, Gurugram, Haryana by M/s Haamid Real Estate Pvt. Ltd","Expansion Cum Modification of Group Housing Project planned at village Palra, Sector 70A, Gurugram, Haryana by M/s Haamid Real Estate Private Limited",2026-02-08T14:59:43.468601
SIA/HR/INFRA2/566502/2026,SHIVNANDAN BUILDTECH PRIVATE LIMITED,Environmental Clearance,parivesh,,"{""regulatory_events"": [""CTO""]}",INFRA-2,"Bitumen, Diesel, HSD",100.0,Under Verification,Haryana,HARYANA,"Cosmos Express 99 (Group Housing Complex)”, located at Sector-99, Village-Dhankot, District-Gurgaon, Haryana by M/s Shivnandan Buildtech Private Limited","M/s Shivnandan Buildtech Pvt. Ltd., a well-known real estate developer linked with the Cosmos Group, plans to develop a Group Housing Complex named “Express 99” (also known as Cosmos Express 99). This project is strategically situated at Village Dhankot, Sector-99, Gurgaon, Haryana, taking advantage of the connectivity offered by the Dwarka Expressway.",2026-02-08T14:59:43.468601
SIA/HR/INFRA2/568274/2026,M3M INDIA INFRASTRUCTURES PRIVATE LIMITED,Environmental Clearance,parivesh,,"{""regulatory_events"": [""Expansion"", ""CTO""]}",INFRA-2,"Bitumen, Diesel, HSD",100.0,Under Examination,Haryana,HARYANA,"Expansion of Environment Clearance of Proposed Industrial Colony Under Enterprises Promotion Policy 2015 bearing Licence no. 168 of 2025 dated 08.09.2025 for an area measuring 139. 79375 acres in the revenue estate of Village Bas Haria and Jhund Sarai Adab, Tehsil Harsaru and Farrukh Nagar in Sector M9, Ml0 and Mll Gurugram, Haryana","Proposed Project is Industrial Colony Under Enterprises Promotion Policy 2015 bearing Licence no. 168 of 2025 dated 08.09.2025 for an area measuring 139. 79375 acres in the revenue estate of Village Bas Haria and Jhund Sarai Adab, Tehsil Harsaru and Farrukh Nagar in Sector M9, Ml0 and Mll Gurugram, Haryana"" by M/s M3M Infrastructures Private Limited. The total plot area is 139.79375 acres out of which net planned area is 132.19 acres. Area under plots is 46.30 acres, under Residential Group Hous",2026-02-08T14:59:43.468601
SIA/HR/INFRA2/565930/2026,MARK BUILDTECH PVT LTD,Environmental Clearance,parivesh,,"{""regulatory_events"": [""CTO""]}",INFRA-2,"Bitumen, Diesel, HSD",100.0,Under Verification,Haryana,HARYANA,"Proposed Hotel Project located at Village- Sihi, Sector-84, Gurgaon, Haryana by M/s Mark Buildtech Private Limited","Proposed Hotel Project located at Village- Sihi, Sector-84, Gurgaon, Haryana by M/s Mark Buildtech Private Limited. The project is going for fresh Environmental Clearance as the earlier EC has expired and finishing works are pending at site for a total land area of 2.20 acres/8903.070 Sq.m.and Built up area of 39,031.710 Sq.m.",2026-02-08T14:59:43.468601
SIA/HR/INFRA2/520917/2026,EMBASSY INDUSTRIAL PARKS PRIVATE LIMITED,Environmental Clearance,parivesh,,"{""regulatory_events"": [""Expansion""]}",INFRA-2,"Bitumen, Diesel, HSD",100.0,Under Verification,Haryana,HARYANA,"Amendment in Environment Clearance for ""proposed Expansion of Godowns/ Warehouse for other than Agriculture Produce Ware House located at Village Pathredi & Bhudka, Tehsil Manesar, Distt. Gurugram M/s Embassy Industrial Parks Pvt. Ltd.”","Amendment in Environment Clearance for ""proposed Expansion of Godowns/ Warehouse for other than Agriculture Produce Ware House located at Village Pathredi & Bhudka, Tehsil Manesar, Distt. Gurugram M/s Embassy Industrial Parks Pvt. Ltd.” Plot area of the project will be decreased from 328452.69 sqm to 97123.75 sqm. and builtup area will be decreased from 244892.35 sqm to 57265.1 sqm. Now the company name has been changed.",2026-02-08T14:59:43.468601
SIA/HR/INFRA2/566180/2026,PRAVIN KUMAR,Environmental Clearance,parivesh,,{},INFRA-2,"Bitumen, Diesel, HSD",100.0,Under Verification,Haryana,HARYANA,Group Housing Project Assotech Blith,Group Housing Project,2026-02-08T14:59:43.468601
SIA/HR/INFRA2/565516/2026,EXPERION DEVELOPERS PRIVATE LIMITED,Environmental Clearance,parivesh,,"{""regulatory_events"": [""CTO""]}",INFRA-2,"Bitumen, Diesel, HSD",100.0,Under Examination,Haryana,HARYANA,Proposed Group Housing Project at Village - Harsaru Tehsil- Harsaru Sector-88A District-Gurugram by M/s Experion Developers Pvt Ltd,Proposed Group Housing Project at Village - Harsaru Tehsil- Harsaru Sector-88A District-Gurugram by M/s Experion Developers Pvt Ltd,2026-02-08T14:59:43.468601
SIA/HR/MIN/536299/2026,DARSH MINERALS PRIVATE LIMITED,Environmental Clearance,parivesh,,{},Non-Coal,,100.0,Under Verification,Haryana,HARYANA,"Proposed Sand Mining project at Village Nabiabad and Jabti Chhapra, Tehsil & District: Karnal, State : Haryana (Mining lease area: 61.89 ha ), with Production capacity 1881000 TPA by M/s Darsh Minerals Private Limited through Gurpreet Singh Sabharwal","Sand is very important mineral source for development, its mining through scientific methods have also become equally imperative. The mining operation is proposed by opencast Semi mechanized method without drilling & blasting. It will start from one end (higher level) to other end (lower level) phase wise/ bench wise going to the maximum depth of 3.0m bgl or above ground water level whichever is less. The minor mineral i.e. sand is proposed to be excavated by backhoe type excavator/ JCB and dire",2026-02-08T14:59:43.468601
SIA/HR/MIN/536921/2026,RV enterprises,Environmental Clearance,parivesh,,"{""regulatory_events"": [""NIT"", ""CTO""]}",Non-Coal,,100.0,Under Verification,Haryana,HARYANA,"Environment Clearance for Mining of Sand (Minor Mineral) from the Riverbed of Yamuna River (Mahawatpur-Bhaskola Unit) with 17,82,000 MT/ year production over an area of 134.40 acres (53.76 ha) located at Villages Lalpur, Mahawatpur, Maujmabad, and Baskola, Tehsil & District Faridabad and State Haryana","A Letter of Intent (LOI) has been issued by the Director Mines & Geology Haryana vide letter no. DMG/HY/Mahawatpur-Bhaskola/Faridabad/2024/2877 dated 14-06-2024 for Mining of Sand (Minor Mineral) in Mahawatpur-Bhaskola Unit, comprising Lalpur, Mahawatpur, Maujmabad and Bhaskola villages over an area of 134.40 acres (53.76 hectares) in district Faridabad, Haryana for a period of 09 years.",2026-02-08T14:59:43.468601
IA/HR/INFRA2/516135/2026,SHIV RAJ KUNDU,Environmental Clearance,parivesh,,"{""regulatory_events"": [""CTO""]}",INFRA-2,"Bitumen, Diesel, HSD",100.0,Under Examination,Haryana,HARYANA,"Proposed Hospital Building Site at Site No. H-5, Sector - 30A, Phase - II, HSIIDC, Industrial Model Township (IMT), Rohtak, Haryana by Shri Shivraj Kundu","Shri Shivraj Kundu, the owner of the project site and has executed the General Power of Attorney (GPA) to Mr. D.S. Sangwan for the development of Proposed Hospital Building Site at Site No.- H5, Sector – 30A, Phase – II, HSIIDC, Industrial Model Township (IMT), Rohtak, Haryana. The proposed four story hospital building will have an accommodation of 296 beds along with facilities like pharmacy store, pathology, blood bank, ETP/STP, parking facilities etc. The total plot area of the proposed proje",2026-02-08T14:59:43.468601
SIA/HR/INFRA2/566308/2026,AAR HOUSING PRIVATE LIMITED,Environmental Clearance,parivesh,,"{""regulatory_events"": [""CTO""]}",INFRA-2,"Bitumen, Diesel, HSD",100.0,Under Verification,Haryana,HARYANA,"Proposed Group housing colony over an area measuring 4.75 acres in the revenue estates of Village- khaika, Sector-4, Sohna, District-Gurugram AAR Housing Private Limited",Proposed Group housing colony over an area measuring 4.75 acres in the revenue estates of Village,2026-02-08T14:59:43.468601
SIA/HR/INFRA2/563973/2026,MONEX INFRASTRUCTURE PRIVATE LIMITED,Environmental Clearance,parivesh,,"{""regulatory_events"": [""CTO""]}",INFRA-2,"Bitumen, Diesel, HSD",100.0,Under Verification,Haryana,HARYANA,"Proposed Residential Group Housing Colony, Located in the revenue Estate of Village Gopalpur, Sector-99A, Gurugram Manesar Urban Complex, Haryana Being developed by M/s Monex Infrastructure Private limited","Proposed Residential Group Housing Colony, Located in the revenue Estate of Village Gopalpur, Sector-99A, Gurugram Manesar Urban Complex, Haryana Being developed by M/s Monex Infrastructure Private Limited",2026-02-08T14:59:43.468601
SIA/HR/MIN/564797/2026,NEERAJ GUPTA,Environmental Clearance,parivesh,,"{""regulatory_events"": [""NIT""]}",Non-Coal,,100.0,Under Examination,Haryana,HARYANA,Proposed RBM mining project “Raipur Rani-Manak Tabra Mining Unit” by M/s Infinity Mining,"The proposed project involves mining of RBM -Boulder, Gravel & Sand (Minor Mineral) from the bed of river Dangri, at a part of Villages; - Raipur Rani & Manak Tabra Tehsil: Raipur Rani, District: Panchkula, State: Haryana from an auctioned area of 41.83 acres. bearing Khasra No. Raipur Rani: For Mining 3//1min,2min,3min,4min,5min,6min,7,8,9,10,11,12, 4//16, Ancillary Area 1//21,22 and Manak Tabra for Mining 25//1min, //2min,13min,14min,17min,18/1min,18/2min/22/2min,23min 33//2/2min,3/1min,3/2min",2026-02-08T14:59:43.468601
SIA/HR/INFRA2/563977/2026,AIPL BHARAT INFRASTRUCTURE PRIVATE LIMITED,Environmental Clearance,parivesh,,"{""regulatory_events"": [""CTO""]}",INFRA-2,"Bitumen, Diesel, HSD",100.0,Under Verification,Haryana,HARYANA,"Residential Group Housing Colony, under licence no 62 of 2025 in the revenue estates of Village-Daultabad, tehsil-Kadipur, sector-103, district-Gurugram Manesar urban complex developed by AIPL Bharat Infrastructure Private Limited","The project is of Residential Group Housing Colony, under license no. 62 of 2025 in the revenue estates of village-Daultabad, tehsil-Kadipur, sector-103, district-Gurugram Manesar urban complex developed by AIPL Bharat Infrastructure Private Limited. Total land area for proposed residential group housing colony is 5.1375 Acres/20,791.46 Sq.mt and Built-up area for the same comes out to be 1,39,059.6739 m2.",2026-02-08T14:59:43.468601
IA/HR/IND3/548902/2026,METRO PLYWOOD PRIVATE LIMITED,Government Tender,parivesh,,"{""regulatory_events"": [""NIT""]}",Industrial,"Diesel, Furnace Oil, Lubricants",100.0,EDS Raised,Haryana,HARYANA,Proposed establishment of Resin Manufacturing Unit Within the Existing Plywood Manufacturing industry of M/s. Metro Plywood Pvt. Ltd.,Proposed establishment of Resin Manufacturing Unit Within the Existing Plywood Manufacturing Industry of M/s. Metro Plywood Pvt. Ltd.,2026-02-08T14:59:43.468601
SIA/HR/INFRA2/565533/2026,SIGNATUREGLOBAL INDIA LIMITED,Environmental Clearance,parivesh,,"{""regulatory_events"": [""CTO""]}",INFRA-2,"Bitumen, Diesel, HSD",100.0,Under Examination,Haryana,HARYANA,"RESIDENTIAL COLONY PROJECT UNDER NILP POLICY At VILLAGE- FAZILPUR JHARSA, SECTOR-71, DISTRICT-GURUGRAM, HARYANA by M/s SIGNATUREGLOBAL (INDIA) LTD.","RESIDENTIAL COLONY PROJECT UNDER NILP POLICY At VILLAGE- FAZILPUR JHARSA, SECTOR-71, DISTRICT-GURUGRAM, HARYANA by M/s SIGNATUREGLOBAL (INDIA) LTD. The residential colony project will be developed in an area of 50,181.014 Sq.m. (12.40 Acres) with total built-up area of 2,47,702.73 Sq.m. The project facilities include: Residential (812 DUs) [5 Towers] Commercial Club",2026-02-08T14:59:43.468601
IA/HR/IND3/549455/2026,KUNJAN WOOD INDUSTRIES,Government Tender,parivesh,,"{""regulatory_events"": [""NIT""]}",Industrial,"Diesel, Furnace Oil, Lubricants",100.0,Under Examination,Haryana,HARYANA,Proposed establishment of Resin Manufacturing Unit Within the Existing Plywood Manufacturing industry of M/s. Kunjan Wood Industries,Proposed establishment of Resin Manufacturing Unit Within the Existing Plywood Manufacturing Industry of M/s. Kunjan Wood Industries,2026-02-08T14:59:43.468601
SIA/HR/MIN/549772/2026,CHAUDHARY TRANSPORT CO,Environmental Clearance,parivesh,,{},Non-Coal,,100.0,Under Verification,Haryana,HARYANA,"Sand Mining Project at Chandraon- Garhpur Tapu Block, over an area of 94.35 hectares in District Karnal, Haryana","The project proponent M/s Chaudhary Transport Company has proposed Chandraon-Garhpur Tapu Sand Mining project over an area is 94.35 Ha. at Chandraon-Garhpur Tapu Block, District- Karnal, Haryana with an annual production capacity of 41,00,000 Tons per annum",2026-02-08T14:59:43.468601
SIA/HR/INFRA2/565496/2026,sobha limited,Environmental Clearance,parivesh,,"{""regulatory_events"": [""CTO""]}",INFRA-2,"Bitumen, Diesel, HSD",100.0,Under Verification,Haryana,HARYANA,Proposed Residential Colony (Phase-I) (Under NILP Policy -2022) by Sobha Limited,"Proposed Group Housing Residential Project (Phase-I) under NILP-2022 at Sector-63A, Village Behrampur, Gurugram–Manesar Urban Complex by Sobha Limited.",2026-02-08T14:59:43.468601
SIA/HR/INFRA2/546549/2026,BHUPENDER JAIN & SONS HUF,Environmental Clearance,parivesh,,{},INFRA-2,"Bitumen, Diesel, HSD",100.0,Under Verification,Haryana,HARYANA,"AGRO BASED WAREHOUSE IN THE REVENUE ESTATE OF VILLAGE KHEWRA & DIPALPUR, DISTRICT: SONIPAT BY M/S BHUPENDER JAIN & SONS HUF","M/S Bhupender Jain & Sons HUF has proposed the setting up of the Warehouse (Agro based) project located at Khasra no. 15//9/2, 10, 11, 12/1, 19/2, 20, 21, 22, 16//18, 19, 22/1, 22/2, 23, 24/1, 18//2/1, 2/2, 3, 4, 6, 7/1 in the revenue estate of village Khewra, Tehsil Rai, District Sonipat & khasra no. 60//11/2, 61//9/2, 10/1, 11/2, 12, 16, 17, 18, 19, 20/1, 20/2, 21/2, 22 in the revenue estate of village Dipalpur, Tehsil & District Sonipat. CLU has been obtained vide Memo No. CLU/ST-3869A/CTP/88",2026-02-08T14:59:43.468601
SIA/HR/INFRA2/558361/2026,ADORE PROPMART LLP,Environmental Clearance,parivesh,,"{""regulatory_events"": [""Expansion"", ""CTO""]}",INFRA-2,"Bitumen, Diesel, HSD",100.0,Under Verification,Haryana,HARYANA,Revision & Expansion of Group Housing Project,"M/s Adore Propmart LLP has proposed revision and expansion on land measuring 9.2453 acres at Revenue estate of village shikohpur & Kherki Daula, Tehsil- Manesar, sector 77, Gurugram, Haryana",2026-02-08T14:59:43.468601
IA/HR/IND3/549175/2026,BALBANT SINGH,Environmental Clearance,parivesh,,"{""regulatory_events"": [""NIT""]}",Industrial,"Diesel, Furnace Oil, Lubricants",100.0,EDS Raised,Haryana,HARYANA,Proposed establishment of Resin Manufacturing Unit Within the Existing Plywood Manufacturing industry of M/s. Heera Products,"The industry operates an existing plywood manufacturing facility. Until now, resin required for glue preparation has been procured from outside sources. To ensure a consistent supply and improve cost-efficiency, the industry plans to establish a Resin Manufacturing Plant within the premises for internal use. Accordingly, the project now requires obtaining Environmental Clearance for the proposed resin production",2026-02-08T14:59:43.468601
SIA/HR/INFRA2/564673/2026,Mitsuba India private limited,Environmental Clearance,parivesh,,"{""regulatory_events"": [""Expansion""]}",INFRA-2,"Bitumen, Diesel, HSD",100.0,Under Verification,Haryana,HARYANA,"Proposed Expansion of Existing Industrial Building of M/s Mitsuba India Pvt. Ltd. in Village Pathredi & Bilaspur, Dist. Gurgaon, Haryana","The proposed project is expansion of Existing Industrial Building of M/S Mitsuba India Pvt. Ltd. Situated in Revenue Estate of Village Pathredi & Bilaspur, (Tauru & Bilaspur Road), Dist.- Gurgaon, Haryana. Total plot area of the premises including existing area is 144,513.87 sqm. At present, the project site has 15 existing blocks [industrial sheds] with a total existing built-up area of 22,860.05 sqm. Since the built-up area remained below 1,50,000 sqm, the project did not attract the provision",2026-02-08T14:59:43.468601
SIA/HR/INFRA2/566477/2026,AARIZE CONDOEUR PRIVATE LIMITED,Environmental Clearance,parivesh,,"{""regulatory_events"": [""CTO""]}",INFRA-2,"Bitumen, Diesel, HSD",100.0,Under Verification,Haryana,HARYANA,"Proposed Group Housing Colony under left over pocket policy under TOD (90% Residential and 10% commercial) over an area measuring 2.0 acres falling in the revenue estate of village Ghasola, Sector-49, Gurugram, Haryana being developed by M/s Aarize Condoeur Private Limited","The project has received License DTCP, Haryana though License No. 258 of 2025 over an area measuring 2.0 Acres dated 23.12.2025 and is valid upto 22.12.2030. Total land area for proposed Group Housing Project is 2.0 acres/8093.70 Sq.m.and Built up area for the same comes out to be 57,827.242 Sq.m.",2026-02-08T14:59:43.468601
SIA/HR/INFRA2/565638/2026,MUNICIPAL COMMITTEE DHARUHERA,Environmental Clearance,parivesh,,{},INFRA-2,"Bitumen, Diesel, HSD",100.0,Under Verification,Haryana,HARYANA,"Proposed Integrated solid waste management project at Dharuhera, District Rewari, Haryana","Integrated Solid Waste Management (ISWM) in Dharuhera, Haryana, involves a comprehensive approach to managing the waste generated within the town, ensuring environmentally sound disposal and resource recovery, and reducing landfill dependency.",2026-02-08T14:59:43.468601
SIA/HR/INFRA2/566645/2026,ETERNA LIVING PRIVATE LIMITED,Environmental Clearance,parivesh,,"{""regulatory_events"": [""CTO""]}",INFRA-2,"Bitumen, Diesel, HSD",100.0,Under Verification,Haryana,HARYANA,"Proposed Integrated Residential Colony Plotted and Group Housing Sushant City Royale at Sector 35, 36 Karnal, Haryana","Environmental Clearance for the said project was granted in name of “M/s Ansal Landmark (Karnal) Township Private Limited”, vide EC Identification no. EC23B039HR125485 and File No. SEIAA/HR/VIO/19/16 dated 18.01.2023 for Plot area 566167.3947 sqm. Now the name of the Company has been changed to Eterna Living Pvt. Ltd. by Ministry of Corporate Affair, Government of India dated 28.10.2025.",2026-02-08T14:59:43.468601
SIA/HR/MIN/549776/2026,CHAUDHARY TRANSPORT CO,Environmental Clearance,parivesh,,{},Non-Coal,,100.0,Under Verification,Haryana,HARYANA,Sand Mining Project at Nangal Block having an area of 82.85 ha,This is a Sand Mining project at Nangal Block of District Karnal.,2026-02-08T14:59:43.468601
SIA/HR/IND1/522676/2026,Jindal Stainless limited,Environmental Clearance,parivesh,,"{""regulatory_events"": [""Expansion""]}",Industrial,"Diesel, Furnace Oil, Lubricants",100.0,Referred to SEAC,Haryana,HARYANA,"Proposed Expansion by Augmentation of Capacity for Ingot, Bloom/Billet and Slab in Steel Melting Shop. Installation of ESR and forging facilities at Jindal Stainless Limited [Hot Rolling Division], O P Jindal Marg, Hisar, Haryana – 125 005","The existing JSL – Hot Rolling Division (HRD) produces different grades of stainless-steel like 200 series, 300 series, 400 series, special steels, duplex series etc. through melting the MS & SS scrap, Ferro Alloys & other metals using various furnaces like induction furnace, electric arc furnace, AOD & VOD converter and further processing in reheating furnace & rolling mills. Scraps are sourced from domestic and international market. The company has proposed for expansion of production by addit",2026-02-08T14:59:43.468601
SIA/HR/INFRA2/565212/2026,EXPERION DEVELOPERS PRIVATE LIMITED,Environmental Clearance,parivesh,,"{""regulatory_events"": [""CTO""]}",INFRA-2,"Bitumen, Diesel, HSD",100.0,Under Examination,Haryana,HARYANA,Proposed Group Housing Project at Plot No. GH-26 Sector 53 Gurugram by M/s Experion Developers Pvt Ltd,Proposed Group Housing Project at Plot No. GH-26 Sector 53 Gurugram by M/s Experion Developers Pvt Ltd,2026-02-08T14:59:43.468601
SIA/HR/INFRA2/564161/2026,ENKOTEL HOTELS,Environmental Clearance,parivesh,,"{""regulatory_events"": [""Expansion""]}",INFRA-2,"Bitumen, Diesel, HSD",100.0,Under Verification,Haryana,HARYANA,Expansion of Resort Complex by M/s Enkotel Hotels,"The project has already been granted Environmental Clearance 365/SEIAA(H)/2011-IA.III dated 21.06.2011 by MoEF&CC. Extension in validity of Environmental Clearance was granted vide Letter No. SEIAA/HR/2018/1023 dated 16.08.2018 by SEIAA, Haryana with plot area 20,309.75 sqm and total built-up area of 59,257.2 sqm. Now, Expansion is proposed. After Expansion plot area will remain the same i.e. 20,309.75 sqm and Built-up area will increase from 59,257.2 sqm to 60,183.19 sqm",2026-02-08T14:59:43.468601
SIA/HR/INFRA2/564889/2026,VATIKA SEVEN ELEMENTS PRIVATE LIMITED,Environmental Clearance,parivesh,,"{""regulatory_events"": [""Expansion"", ""CTO""]}",INFRA-2,"Bitumen, Diesel, HSD",100.0,Under Verification,Haryana,HARYANA,"Expansion of Residential Group Housing Colony on a land measuring 14.30 acres in the revenue estate of Village- Harsaru and Hayatpur, Sector-89 A, Gurugram Manesar Urban Complex, Hayana.","The project is undergoing for Expansion for a total built-up area of 1,67,641.654 m2 and plot area of 14.30 acres.",2026-02-08T14:59:43.468601
SIA/HR/IND3/565538/2026,PENAM LABORATORIES LTD,Environmental Clearance,parivesh,,"{""regulatory_events"": [""NIT"", ""CTO""]}",Industrial,"Diesel, Furnace Oil, Lubricants",100.0,Under Verification,Haryana,HARYANA,Establishment of Active Pharmaceutical Ingredient Unit by M/s Penam Laboratories.,"Proposed Active Pharmaceutical Ingredient Manufacturing Plant having capacity API Products-1440 TPM (The plant will operate on 200 TPM capacity i.e. based on the market demand.), located at Plot No. Plot No 362 & 369, HSIIDC Industrial area Sector 3, Phase II & IV, Industrial Model Township, Bawal, Haryana and will be developed by M/s Penam Laboratories The project falls under Activity 5(f) Synthetic Organic Chemical Industry, Category B as per EIA Notification, 2006 and its subsequent amendment",2026-02-08T14:59:43.468601
SIA/HR/INFRA2/565189/2026,HARYANA INTERNATIONAL HORTICULTURE MARKETING CORPORATION LIMITED,Environmental Clearance,parivesh,,{},INFRA-2,"Bitumen, Diesel, HSD",100.0,EDS raised,Haryana,HARYANA,"Amendment in Environmental Clearance Development of India International Horticulture Market over an area of 221.3 ha (547 acres) at Village Teha & Shahpur Taga, Ganaur, District Sonipat, Haryana by M/s Haryana International Horticultural Marketing Corporation Limited (HIHMCL)","The proposed project is of Development of India International Horticulture Market in an area of 221.3 Ha. (547 acre) at VillageTeha& Shahpur Taga, Ganaur, Sonipat, Haryana and having built-up area of 497011 Sq.m. Green area with 21.76%(47.91 Ha) Now we propose a modification to the approved green belt component,from 21.76% to 14.08% of the total plot area, amounting to a net reduction of 7.68%. The revised green belt coverage is in compliance with the provisions of the Ministry of Environment, F",2026-02-08T14:59:43.468601
SIA/HR/MIN/564411/2026,Ashok Kumar,Environmental Clearance,parivesh,,"{""regulatory_events"": [""NIT""]}",Non-Coal,,100.0,Under Examination,Haryana,HARYANA,"ENVRIONMENT CLEARANCE FOR PROPSOED MINING OF SAND (MINER MINERAL) FROM DANGRI RIVER (BADONA KHURD-KHERI MINING UNIT) WITH 08,02,000 MTPA PRODUCTION OVER AN AREA OF 57.61 ACRES (23.044 HA) LOCATED AT VILLAGES BADONA KHURD, TIBBI MAJRA, BADONA KALAN, DHANDHAR, & KHERI, TEHSIL RAIPUR RANI & DISTRICT PANCHKULA, HARYANA","ENVRIONMENT CLEARANCE FOR PROPSOED MINING OF SAND (MINER MINERAL) FROM DANGRI RIVER (BADONA KHURD-KHERI MINING UNIT) WITH 08,02,000 MTPA PRODUCTION OVER AN AREA OF 57.61 ACRES (23.044 HA) LOCATED AT VILLAGES BADONA KHURD, TIBBI MAJRA, BADONA KALAN, DHANDHAR, & KHERI, TEHSIL RAIPUR RANI & DISTRICT PANCHKULA, HARYANAA",2026-02-08T14:59:43.468601
SIA/HR/MIN/552336/2026,TIRUPATI EARTH AND PROJECT WORKS PRIVATE LIMITED,Environmental Clearance,parivesh,,{},Non-Coal,,100.0,Under Examination,Haryana,HARYANA,"Proposed Sand mining (Minor Mineral) from the Riverbed of Yamuna with 20,17,000 TPA production over an area of 51.15 Ha located at Village Bega, Tehsil-Ganaur, District – Sonipat, State- Haryana by M/s Tirupati Earth & Project Work Pvt. Ltd",The mining proposed by opencast semi- mechanized method without drilling and blasting. It will start from one end (higher level) to other end (lower level) phase wise going to the maximum depth of 3.0 mbgl or above ground water level whichever is less.The minor mineral i.e. sand is proposed to be excavated by backhoe type excavator/JCB and directly loading in to trucks/dumpers & dispatch to market. The loading of the mineral shall be mechanical while transport of mineral from river bed shall be ,2026-02-08T14:59:43.468601
SIA/HR/MIN/564674/2026,NEERAJ GUPTA,Environmental Clearance,parivesh,,"{""regulatory_events"": [""NIT""]}",Non-Coal,,100.0,Under Examination,Haryana,HARYANA,"Mining of Sand (Minor Mineral) from the Riverbed of Yamuna River (Amipur Sand Unit) with 37,80,000 Metric Tonne / year production over an area of 249.15 acres (99.66 ha) located at Village Amipur, Tehsil & District Faridabad and State Haryana by M/s Infinity Minerals through Neeraj Gupta",Sand Mining Project from riverbed of Yamuna River.,2026-02-08T14:59:43.468601
SIA/HR/INFRA2/564711/2026,Central University of Haryana,Environmental Clearance,parivesh,,"{""regulatory_events"": [""Expansion""]}",INFRA-2,"Bitumen, Diesel, HSD",100.0,Under Examination,Haryana,HARYANA,"Expansion of Central University of Haryana, at Village Jant-Pali, Mahendergarh, Haryana.","The project was earlier granted Environmental Clearance dated 19.03.2015 for a plot area of 20,71,992.32 m² and a built-up area of 7,12,055.43 m². Now, it is proposed to construct additional buildings within the existing university campus. Accordingly, expansion in Environmental Clearance is required. After expansion, the plot area of the project shall remain the same i.e. 20,71,992.32 m², while the total built-up area will increase from 7,12,055.43 m² to 754365.62 m².",2026-02-08T14:59:43.468601
SIA/HR/INFRA2/565518/2026,SIGNATUREGLOBAL INDIA LIMITED,Environmental Clearance,parivesh,,"{""regulatory_events"": [""NIT"", ""CTO""]}",INFRA-2,"Bitumen, Diesel, HSD",100.0,Under Examination,Haryana,HARYANA,"Mix Land Use Colony under TOD Policy Project at Village- Fazilpur Jharsa, Sector-71, Gurugram -Manesar Urban Complex, Haryana by M/s Signatureglobal (India) Limited",project facilities include:  Residential Dwelling Units  Commercial facilities,2026-02-08T14:59:43.468601
SIA/HR/INFRA2/565201/2026,international foundation for research and education,Environmental Clearance,parivesh,,{},INFRA-2,"Bitumen, Diesel, HSD",100.0,Under Examination,Haryana,HARYANA,"Environmental Clearance of Ashoka University North Campus, an institutional educational project at Plots 1A, 1B, 6 & 6A, Rajiv Gandhi Education City, Village Rai, Sonipat, Haryana","This proposal is for Environmental Clearance of Ashoka University North Campus, an institutional educational project at Plots 1A, 1B, 6 & 6A, Rajiv Gandhi Education City, Village Rai, Sonipat, Haryana (28°56'58.52""N,77°5'54.37""E). The project encompasses 65.88 acres (266606.9 sq.m) of plot area with a built-up area of 512,110 sq.m and an estimated cost of INR 2,206.34 Crores, located near Grand Trunk Road (AH-1). It’s also connected to Hindon Airport which is 35 km away from project site.",2026-02-08T14:59:43.468601
SIA/HR/MIN/563396/2026,MAXX MINING COMPANY,Environmental Clearance,parivesh,,{},Non-Coal,,100.0,Under Verification,Haryana,HARYANA,"Sand Mining project at Dabar Ki Par Block, District Karnal ,Haryana","The Dabar ki Par Sand Mining Project is located in villages Dabar Ki Par,Mustafabad & Dhakwala (North) of District Karnal having an area of 84.79 ha and total proposed production 40,75,000 TPA",2026-02-08T14:59:43.468601
SIA/HR/MIN/564118/2026,GURPREET SINGH SABHARWAL,Environmental Clearance,parivesh,,{},Non-Coal,,100.0,Under Verification,Haryana,HARYANA,"Proposed Sand Mining project at Villages Jarauli, Nabipur, Khirajpur and Mohamadpur, Tehsil: Karnal, District: Karnal, State : Haryana (Mining lease area: 76.90 ha ) by M/s Tripta projects and Infrastructure through Gurpreet Singh Sabharwal","Sand is very important mineral source for development, its mining through scientific methods have also become equally imperative. The mining operation is proposed by opencast Semi mechanized method without drilling & blasting. It will start from one end (higher level) to other end (lower level) phase wise/ bench wise going to the maximum depth of 3.0m bgl or above ground water level whichever is less. The minor mineral i.e. sand is proposed to be excavated by backhoe type excavator/ JCB and dire",2026-02-08T14:59:43.468601
SIA/HR/INFRA2/565558/2026,BHARATI VIDYAPEETH,Environmental Clearance,parivesh,,"{""regulatory_events"": [""CTO""]}",INFRA-2,"Bitumen, Diesel, HSD",100.0,Under Verification,Haryana,HARYANA,Educational Campus for Bharati Vidyapeeth (Deemed to be University) Project by Bharati Vidyapeeth (Deemed To be University).,"The project was earlier granted Environment Clearance by SEIAA, Haryana vide letter no. SEIAA/HR/2013/1063 dated 23rd October 2013 for Plot area = 40483.27 sqm (10.993 acre) and Built-up area = 42106.26 sqm. A copy of the EC letter is enclosed as Annexure – I. This EC is now expired. Subsequently, the Building plans were sanctioned by District Town Planner on 22.12.2011. And now applied for the re-sanction of the plans. No construction was Construction work was started at site till date due to c",2026-02-08T14:59:43.468601
SIA/HR/INFRA2/564115/2026,Landmark Apartments Private Limited,Environmental Clearance,parivesh,,"{""regulatory_events"": [""CTO""]}",INFRA-2,"Bitumen, Diesel, HSD",100.0,Under Examination,Haryana,HARYANA,Proposed IT Park colony (Landmark One) in sector-67 Gurugram Manesar Urban Complex Being developed by Landmark Apartments Private Limited,"The project is proposed IT Park, Phase 2 at Sector-67, Village Badshahpur, Gurugram, Haryana by M/s Landmark Apartments Pvt. Ltd. Total plot area for proposed IT Park colony is 8.312 Acres/ 33,539.28 Sq.mt and Built-up area for the Phase 1 & has Phase 2 comes out to be 2,02,791.175 m2.",2026-02-08T14:59:43.468601
SIA/HR/INFRA2/564020/2026,TRIDENT SPACES PRIVATE LIMITED,Environmental Clearance,parivesh,,"{""regulatory_events"": [""CTO""]}",INFRA-2,"Bitumen, Diesel, HSD",100.0,Under Examination,Haryana,HARYANA,"Proposed Group Housing Colony (Mixed Land Use of 87.97% Residential and 12.03% Commercial under TOD Policy dated 09.02.2016)in the revenue estate of village Dhanwapur, Tehsil Kadipur, Sector-104, Gurugram Manesar Urban Complex, Haryana.","Proposed Group Housing Colony (Mixed Land Use of 87.97% Residential and 12.03% Commercial under TOD Policy dated 09.02.2016)in the revenue estate of village Dhanwapur, Tehsil Kadipur, Sector-104, Gurugram Manesar Urban Complex, Haryana.",2026-02-08T14:59:43.468601
SIA/HR/INFRA2/496391/2026,ATS REAL ESTATE BUILDERS PRIVATE LIMITED,Environmental Clearance,parivesh,,"{""regulatory_events"": [""CTO""]}",INFRA-2,"Bitumen, Diesel, HSD",100.0,EDS Raised,Haryana,HARYANA,Group Housing project,"Extension of validity of EC for Group Housing project at Sector 89 A, Village Harsaru, District Gurgaon, Haryana.",2026-02-08T14:59:43.468601
SIA/HR/INFRA2/567506/2026,Devkriti Infra Global Private Limited,Environmental Clearance,parivesh,,{},INFRA-2,"Bitumen, Diesel, HSD",100.0,Under Verification,Haryana,HARYANA,Proposed IT/ITES Project,Proposed project consists of development of one IT/ITES building having 3B+G+S+7 floors along with the required facilities.,2026-02-08T14:59:43.468601
SIA/HR/INFRA2/564971/2026,Ashok kumar,Environmental Clearance,parivesh,,"{""regulatory_events"": [""Expansion""]}",INFRA-2,"Bitumen, Diesel, HSD",100.0,Under Verification,Haryana,HARYANA,"EXPANSION OF INTEGRATED SOLID WASTE MANAGEMENT PROJECT FROM 130 TPD TO 800 TPD AT MEERUT ROAD, KARNAL, HARYANA by Munici[pal Corporation Karnal",Municipal Corporation Karnal proposes for an expanion of ISWM project from 130 to 800 TPD within existing premises.,2026-02-08T14:59:43.468601
SIA/HR/INFRA2/564710/2026,AURA BUILDERS AND DEVELOPERS PRIVATE LIMITED,Environmental Clearance,parivesh,,"{""regulatory_events"": [""CTO""]}",INFRA-2,"Bitumen, Diesel, HSD",100.0,Under Verification,Haryana,HARYANA,"Proposed Mix Land Use (98% residential and 2% commercial) under TOD Policy-2016 over an area measuring 8.2625 acres in the revenue estate of Village Harsaru, Sector-88A, Gurugram, Haryana by M/s Aura Builders and Developers Private Limited.","The proposed project is construction of Proposed Mix Land Use (98% residential and 2% commercial) under TOD Policy-2016 over an area measuring 8.2625 acres in the revenue estate of Village Harsaru, Sector-88A, Gurugram, Haryana by M/s Aura Builders and Developers Private Limited.Total land area for proposed project is 8.2625 acres /33,437.098 Sq.mt and Built up area for the same comes out to be 1,40,416.018 sq.m.",2026-02-08T14:59:43.468601
SIA/MP/MIN/566175/2026,ashok etalkar,Environmental Clearance,parivesh,,"{""regulatory_events"": [""NIT""]}",Non-Coal,,100.0,Proposal Accepted and Referred to SEAC,Madhya Pradesh,MADHYA PRADESH,Rudhy Stone (Gitti) Quarry,"It is a EC Extension project with a production capacity of 60,420 m3/year Gitti having a lease area of 3.20 hectares at Khasra No. 56 (pvt. land) Village - Rudhy, Tehsil- Khandwa, District- Khandwa (M.P.). Initially, the Environmental Clearance (EC) was granted in favor of Shri Ashok Etalkar, S/o Shri Devram Etalkar, by SEIAA, vide EC Identification No. EC21B001MP182099, File No. 8015/2020, dated 16/10/2021. The said Environmental Clearance was valid up to 17/11/2025. Accordingly, the project pr",2026-02-08T14:59:43.468601
SIA/MP/INFRA2/561187/2026,MANIKARAN COMMERCIALS PRIVATE LIMITED,Environmental Clearance,parivesh,,{},INFRA-2,"Bitumen, Diesel, HSD",100.0,Proposal Accepted and Referred to SEAC,Madhya Pradesh,MADHYA PRADESH,"Proposed Construction of ""Hotel Taj""","M/s Manikaran Commercials Pvt. Ltd. is proposing a construction of ""Hotel Taj"" at Plot B-82, Scheme No. 151, Super Corridor, Village Bada Bangarda,Tehsil Malharganj, District Indore (M.P.) with the plot measuring 17547.25 m2 .",2026-02-08T14:59:43.468601
SIA/MP/MIN/554932/2026,PAPPU CHOUDHARY,Environmental Clearance,parivesh,,{},Non-Coal,Bitumen,100.0,Proposal Accepted and Referred to SEAC,Madhya Pradesh,MADHYA PRADESH,Khandwa Murrum Quarry (B2),Murrum to be used in the work of civil construction/ road or railway project,2026-02-08T14:59:43.468601
SIA/MP/MIN/565487/2026,Om Shri Nath JI Stone Crusher,Environmental Clearance,parivesh,,{},Non-Coal,,100.0,Referred to SEAC,Madhya Pradesh,MADHYA PRADESH,Urahan Stone Quarry,"This is a Transfer Case. The Proposed Stone quarry site covers an area of 2.0 hectares, Khasra No.-1244, at Village - Urhana, Tehsil - Morena (Banmore), District - Morena, (M.P.), & Its production is 30,000 Cubic meters per year",2026-02-08T14:59:43.468601
SIA/MP/MIN/567176/2026,KULDEEP PATIDAR,Environmental Clearance,parivesh,,{},Non-Coal,,100.0,Under Verification,Madhya Pradesh,MADHYA PRADESH,SARASPURA STONE QUARRY,"It is a Stone Quarry with a production capacity of 5,000 m3/year Gitti, 5,000 m3/year M-Sand & Max. 3,509 m3/year Murrum having a lease area of 1.70 hectare, at Khasra No. 6 (Govt. land) Village - Saraspura, Tehsil- Sitamau, District- Mandsaur (M.P.)",2026-02-08T14:59:43.468601
SIA/MP/MIN/555904/2026,sourabh sharma,Environmental Clearance,parivesh,,{},Non-Coal,,100.0,Under Verification,Madhya Pradesh,MADHYA PRADESH,Akoda Soil Quarry,"It is a Soil Quarry with a production capacity of 3,250 m3/year Soil having a lease area of 1.00 hectare, at Khasra No. 5610 & 5611 (Pvt. land) Village - Akoda Tehsil- Bhind, District- Bhind (M.P.)",2026-02-08T14:59:43.468601
SIA/MP/MIN/538802/2026,MAHAMAYA STONE,Environmental Clearance,parivesh,,{},Non-Coal,,100.0,Standard ToR Granted,Madhya Pradesh,MADHYA PRADESH,Biradei Stone Mine,"Biradei Stone Mine (सैधांतिक आदेश पत्र क्रम्नक- 2694-97/खनिज/उ.प. /न.क्र. 10/2023 रीवा, दिनांक- 19/02/2023) is situated near Khasra Number- 310/1, 310/3, 310/8, 315/2, 315/4, 316/1/1, 316/2, 316/3, 316/4/1/2, 316/4/2, 316/5, 776, 777/1/2/1, 777/5/1, 777/5/2, 777/5/3, 777/5/4, 777/5/5 Village Biradei, Tehsil- Hanumana & District Rewa, and State Madhya Pradesh over an area of 7.703 ha. The concerned Mining Project is proposed by applicant M/s Mahamaya Stone Partner- Shri Alok Singh. The project pr",2026-02-08T14:59:43.468601
SIA/MP/MIN/567747/2026,B AGRAWAL & CO.,Environmental Clearance,parivesh,,{},Non-Coal,,100.0,Under Examination,Madhya Pradesh,MADHYA PRADESH,Badkud Stone Quarry,"It is a Stone quarry with a production capacity of Max 25,564 Cu.mt/Year Stone having a lease area of 1.80 hectares , previously EC was issued by DEIAA Singrauli at Khasra No.-1013, 1018 (Pvt. Land) Village - Badkud, Tehsil- Chitrangi, District- Singrauli (M.P.). Then on the basis of SEIAA policy decision taken in SEIAA agenda 766th Dated 11/01/2023 for DEIAA cases we are advised to apply a new application in Form-2 which is for 0 to 5 hectares . As our mine lease is falling in a cluster having ",2026-02-08T14:59:43.468601
SIA/MP/MIN/563296/2026,RAM SONI,Environmental Clearance,parivesh,,{},Non-Coal,,100.0,Under Examination,Madhya Pradesh,MADHYA PRADESH,BARPAN SAND QUARRY,"The Madhya Pradesh State Mining Corporation Limited proposes for sand excavation from a quarry lease area measuring 1.600 hectares, located in Khasra No’s. 199 (P), Barpan Village, Bahri Tehsil, Sidhi District, Madhya Pradesh. The mining activity will be carried out using an open-cast manual method. The entire lease area lies on government land (river bed area) Gopad River . The proposed annual sand excavation quantity is 14,400 Cum/ Year",2026-02-08T14:59:43.468601
SIA/MP/INFRA2/563178/2026,h k kalchuri education trust,Environmental Clearance,parivesh,,{},INFRA-2,"Bitumen, Diesel, HSD",100.0,DELISTED BY SYSTEM (at : ),Madhya Pradesh,MADHYA PRADESH,"Medical College and Teaching Hospital (Project of Educational Institute) “M/s HK Kalchury Educational Trust (LNCT University Bhopal, MP)","The proposed site is under Public and Semi Public (PSP) land use category. The proposed site is in possession of the project proponent. The site will be developed as per the provisions of building by-laws and regulations of Department of Town & Country Planning, Madhya Pradesh. Hence, change in land use is not anticipated. In the existing land use, there will be no shifting of utilities, no tree cutting and no displacement of people. The educational project shall be operated by the owned educati",2026-02-08T14:59:43.468601
SIA/MP/MIN/511873/2026,Hasnain bano POA Ms Alika Mineral,Environmental Clearance,parivesh,,{},Non-Coal,,100.0,Under Examination,Madhya Pradesh,MADHYA PRADESH,"Environment Clearance (EC) for Bhatiyatola Dolomite Mine with proposed production of 19,583 TPA over area of 3.40 ha at Khasra No. 87 of Village Bhatiyatola, Tehsil Mainpur, District Mandla of Madhya Pradesh by M/s Alika Minerals.",The lease is granted for dolomite mine of village Bhatiyatola Tehsil Mainpur District - Mandla,2026-02-08T14:59:43.468601
IA/MP/CMIN/565315/2026,GANGA KHANIJ PRIVATE LIMITED,Environmental Clearance,parivesh,,{},Coal,,100.0,Standard ToR Granted,Madhya Pradesh,MADHYA PRADESH,"Proposed Arjuni West Coal Mine (Block Area: 1112.906 ha) with Proposed Coal Production Capacity: 1.00 Million TPA and Peak Rated Production Capacity: 1.50 Million TPA located at Villages: Arjuni, Majhigawan, Dhaurai, Patnar Khurd of Tehsil Pali, District: Umaria, Madhya Pradesh by M/s. Ganga Khanij Private Limited","Proposed Arjuni West Coal Mine (Block Area: 1112.906 ha) with Proposed Coal Production Capacity: 1.00 Million TPA and Peak Rated Production Capacity: 1.50 Million TPA located at Villages: Arjuni, Majhigawan, Dhaurai, Patnar Khurd of Tehsil Pali, District: Umaria, Madhya Pradesh by M/s. Ganga Khanij Private Limited",2026-02-08T14:59:43.468601
SIA/MP/MIN/556294/2026,HARSH MEHTA,Environmental Clearance,parivesh,,{},Non-Coal,,100.0,Standard ToR Granted,Madhya Pradesh,MADHYA PRADESH,Kesuni Stone Quarry for Gitti & M- Sand,"The project is for mining of Stone for M-Sand Quarry in Survey No. 151/2 (Pvt. Land) situated in village Kesuni, Tehsil & District Ujjain , (M.P.) over an area of 1.00 Ha. of Shri Harsh Mehta S/o Shri Sanjay Mehta.",2026-02-08T14:59:43.468601
SIA/MP/MIN/564681/2026,OMKAR DUBEY,Environmental Clearance,parivesh,,{},Non-Coal,,100.0,Standard ToR Granted,Madhya Pradesh,MADHYA PRADESH,Kata Mal - 2 Sand Quarry,"Sand Quarry on Banjar River, Located at Survey Nos. 1, 358, Kata Mal Village, Bichhiya Tehsil, Mandla District, Madhya Pradesh. Total lease area is 18.80 ha.",2026-02-08T14:59:43.468601
SIA/MP/MIN/564979/2026,grace infratech,Environmental Clearance,parivesh,,{},Non-Coal,,100.0,Standard ToR Granted,Madhya Pradesh,MADHYA PRADESH,Badwari Stone (Gitti & Boulder) Quarry,"The proposed Badwari Stone (Gitti & Boulder) Quarry Project of M/s Grace Infratech involves mining of stone over a lease area of 4.00 hectares falling under Khasra Nos. 1523, 1534, and 1535 (Government Land), located at Village – Badwari, Tehsil- Morena (Banmore) & District – Morena, Madhya Pradesh, with a maximum production capacity of 100,000 m³/year of Gitti and 100,000 m³/year of Boulder.",2026-02-08T14:59:43.468601
SIA/MP/MIN/560461/2026,jaisika shivhare,Environmental Clearance,parivesh,,{},Non-Coal,,100.0,Standard ToR Granted,Madhya Pradesh,MADHYA PRADESH,Kamalpur Stone(Gitti & M Sand) Quarry,"It is a Stone Quarry with a production capacity of 20,000 m3/year Gitti and 50,000 m3/year of M-Sand having a lease area of 4.00 hectare, at Khasra No. 2861 (Govt. land) Village - Kamalpur, Tehsil- Pichore, District- Shivpuri (M.P.)",2026-02-08T14:59:43.468601
SIA/MP/MIN/565223/2026,RAJAY MINERALS,Environmental Clearance,parivesh,,{},Non-Coal,,100.0,Under Verification,Madhya Pradesh,MADHYA PRADESH,Mahoba Gitti Stone Mine_Part-1_5843,"Mahoba Gitti Stone Mine_Part-1_5843 is situated Khasra Number- 589 (P) near Village Mahoba, Tehsil, Gaurihar, District Chhatarpur, State Madhya Pradesh over an area of 4.0 Ha. The concerned Mining Project is proposed by applicant M/S Rajey Minerals. The project proponent is intended to the Max production 2, 00,000 M3/Annum. (Within 5 years). The estimated project cost is Rs. 1.2 Crores.",2026-02-08T14:59:43.468601
SIA/MP/MIN/563698/2026,AJAY PRATAP GAUTAM,Environmental Clearance,parivesh,,{},Non-Coal,,100.0,Under Verification,Madhya Pradesh,MADHYA PRADESH,SALAIYA FERAN SINGH FLAGSTONE QUARRY,"FLAGSTONE QUARRY VILLAGE - SALAIYA FERAN SINGH TEHSIL – SHAHNAGAR DIST. – PANNA(M.P.) KHASRA NO.- 61, TOTAL AREA – 2.00 HECT. PRODUCTION-2100 m3/Year Applicant SHRI AJAY PRATAP GAUTAM S/O,SHRI RAM NIWAS GAUTAM RESI.KHARRA, DIST-PANNA",2026-02-08T14:59:43.468601
SIA/MP/MIN/564239/2026,RAJPAL RATHORE,Environmental Clearance,parivesh,,"{""regulatory_events"": [""Expansion""]}",Non-Coal,,100.0,Standard ToR Granted,Madhya Pradesh,MADHYA PRADESH,Pipalyakalan Murrum Stone (Gitti & M Sand) Quarry,"It is a expansion project of Murrum, Stone(Gitti & M-Sand) Quarry with a previous production capacity of 7,000 m3/year Murrum to expanded production capacity of 7,000 m3/ Year Stone (Gitti), 11,000 m3/year M-Sand &, 7,000 m3/Year Murrum having a lease area of 2.00 hectare, at Khasra No. 338 (Govt. land) Village - Pipalyakalan, Tehsil-Agar District- Agar Malwa (M.P.)",2026-02-08T14:59:43.468601
SIA/MP/MIN/563011/2026,Ravi grover,Environmental Clearance,parivesh,,{},Non-Coal,,100.0,Standard ToR Granted,Madhya Pradesh,MADHYA PRADESH,Amehta Limestone Mine (M.L. Area 2.75 ha.),The lessee Shri Ravi Kumar Grover was granted mining lease for 20 years period w.e.f. 08/08/2003 to 07/08/2023. The lease area has been extended for 50 years in accordance with MM (D & R) Amendment Act 2015 over 2.75 ha up to 07/08/2053.,2026-02-08T14:59:43.468601
SIA/MP/MIN/565010/2026,puneet sharma,Environmental Clearance,parivesh,,{},Non-Coal,,100.0,Standard ToR Granted,Madhya Pradesh,MADHYA PRADESH,Malkhanpura Gitti & Boulder Quarry,"This is a Malkhanpura Gitti & Boulder & Quarry. It comes under the B1 category. We are using an open-cast semi-mechanised mining method with an annual production of 18,000 Cub meters/Year (Gitti -7,000 Cub Meter/Year & Boulder 11,000 Cub Meter/Year), Khasra no - 124, Area -1.25 Ha, Village- Malkhanpura, Tehsil – Morena(Banmore), District - Morena (M.P.)",2026-02-08T14:59:43.468601
SIA/MP/MIN/567797/2026,rajpal singh panwar,Environmental Clearance,parivesh,,{},Non-Coal,,100.0,EDS raised,Madhya Pradesh,MADHYA PRADESH,SALKANPUR STONE QUARRY FOR GITTI & M - SAND,Stone (Gitti) used for construction work and various other civil projects works.,2026-02-08T14:59:43.468601
SIA/MP/MIN/565817/2026,pitambara mining,Environmental Clearance,parivesh,,{},Non-Coal,,100.0,EDS raised,Madhya Pradesh,MADHYA PRADESH,Ramanna Stone Quarry,"The Proposed Rammna Site covers an Area of 2.000 hectares at Village-Ramnna, Tehsil- Deori, District- Sagar, M.P. This Case belongs to the B1 category due to the proposed excavation area being a Cluster of Mines in this 500 m radius.",2026-02-08T14:59:43.468601
SIA/MP/RIV/566181/2026,GENDRAJ SINGH,Environmental Clearance,parivesh,,{},River,,100.0,Under Verification,Madhya Pradesh,MADHYA PRADESH,Bahoriband Micro Lift Irrigation Project,"To provide the micro lift irrigation facilities for the area GCA 74689 Ha. and its Net CCA is 46716 Ha. of Bahoriband micro lift irrigation project. The villages which will be benefited are 183 Nos. of Tehsil Bahoriband, Sleemanabad, Rithi & Katni District Katni. The purpose of Bahoriband Micro Lift Irrigation is increased to production of crops and irrigation area.",2026-02-08T14:59:43.468601
SIA/MP/MIN/563956/2026,OMKAR DUBEY,Environmental Clearance,parivesh,,"{""regulatory_events"": [""CTO""]}",Non-Coal,,100.0,EDS raised,Madhya Pradesh,MADHYA PRADESH,DHAURGAON SAND QUARRY (4.700Ha),"This is a new mine. Office of the District Collector (Khanij Branch) Mandla issued Letter of Intent (LOI) bearing no. Khanij 01/2024/1959, Mandla Dated- 23/12/2024, for grant of Dhaurgaon Sand Quarry located in Village- Dhaurgaon, Tehsil- Mandla, District- Mandla, State- Madhya Pradesh over an area of 4.700 Ha area to The Madhya Pradesh State Mining Corporation Ltd. for a period of 5 years. The mining will be done by Semi Mechanized Opencast mining method. The project falls under Schedule 1 (a) ",2026-02-08T14:59:43.468601
SIA/MP/INFRA1/555862/2026,MP Industrial Development Corportion Ltd.,Environmental Clearance,parivesh,,{},INFRA-1,"Bitumen, Diesel, HSD",100.0,Standard ToR Granted,Madhya Pradesh,MADHYA PRADESH,"Smart Industrial Township Ratlam"" in Proposed Investment Region Development & Management Scheme at: District & Tehsil: Ratlam, Madhya Pradesh by MP Industrial Development Corporation Ltd.","MPIDC Ltd, RO Indore, a publicly traded company and a subsidiary of MP State Industrial Development Corporation (MPSIDC) in Bhopal, was established with the primary goal of fostering the growth of Industrial Growth Centers in the Indore Region. In pursuit of this objective, MPIDC, RO Indore has undertaken the development of Ratlam Investment Region under the ""Investment Region Development and Management Scheme."" The project's overarching mission is to create a globally competitive Industrial Tow",2026-02-08T14:59:43.468601
SIA/MP/MIN/567836/2026,B S MINES AND MINERALS,Environmental Clearance,parivesh,,{},Non-Coal,,100.0,EDS raised,Madhya Pradesh,MADHYA PRADESH,"Birampura Murram, Stone and M-Sand Quarry(13 peki-103000)","The Environmental Clearance is required for mining project for a targeted production capacity 28000 cum murram, 15000 cum Stone Gitti and 60000 cum M-sand per Annum.",2026-02-08T14:59:43.468601
SIA/MP/MIN/564781/2026,naveen kumar jain,Environmental Clearance,parivesh,,{},Non-Coal,,100.0,Standard ToR Granted,Madhya Pradesh,MADHYA PRADESH,Nanded Stone Quarry,"It is a stone quarry with a production capacity of 6,000 cubic meter per year having a lease area of 4.00 hectares , previously EC was issued by DEIAA Ujjain at Khasra No. 1325 Village Nanded, Tehsil Makdon, District Ujjain (M.P.). Then on the basis of SEIAA policy decision taken in SEIAA agenda 766th Dated 11/01/2023 for DEIAA cases we are advised to apply a new application in Form-2 which is for 0 to 5 hectares . As our mine lease is falling in a cluster having cluster area more than 5 hectare",2026-02-08T14:59:43.468601
SIA/MP/MIN/563122/2026,GIRISH KHANDWEKAR,Environmental Clearance,parivesh,,{},Non-Coal,,100.0,Standard ToR Granted,Madhya Pradesh,MADHYA PRADESH,MELPIPALYA-2 SAND QUARRY,"The Madhya Pradesh State Mining Corporation Limited proposes for sand excavation from a quarry lease area measuring 3.500 hectares, located in Khasra No. 105, Melpipalya Village, Khategaon Tehsil, Dewas District, Madhya Pradesh. The mining activity will be carried out using an open-cast manual method. The entire lease area lies on government land (river bed area) Narmada River. The proposed annual sand excavation quantity is 63,000 Cum/ Year",2026-02-08T14:59:43.468601
SIA/MP/MIN/564335/2026,balwant singh,Environmental Clearance,parivesh,,{},Non-Coal,,100.0,Standard ToR Granted,Madhya Pradesh,MADHYA PRADESH,Kanakhedi Eklaspur Stone(Gitti & M Sand) Quarry,"It is a Stone Quarry with a production Capacity of 10,000 m3/ Year Stone (Gitti), 10,000 m3/Year M-Sand having an Area of 2.0 Hectare at Khasra No. - 165 (Govt. Land) Village- Kanakhedi Eklaspur, Tehsil- Mahidpur, District- Ujjain (M.P.).",2026-02-08T14:59:43.468601
SIA/MP/MIN/567333/2026,Lalita Raghuwanshi,Environmental Clearance,parivesh,,{},Non-Coal,,100.0,Standard ToR Granted,Madhya Pradesh,MADHYA PRADESH,Mahuakheda Stone (Gitti) & M-Sand Quarry,"This is a Stone (Gitti) & M-Sand quarry. Its Comes Under B1 Category. We are using open cast semi mechanized mining method of production, and its annual production is 31,000 M3/Year (Stone – 11,000 & M-Sand -20,000) Cub meter, KHASRA-01, & Area-3.0 Hec. Village- Mahuakheda, Tehsil- Ashoknagar, District -Ashoknagar (M.P).",2026-02-08T14:59:43.468601
SIA/MP/MIN/560547/2026,geo shining enterprises,Environmental Clearance,parivesh,,{},Non-Coal,,100.0,DELISTED BY SYSTEM (at : 02/02/2026),Madhya Pradesh,MADHYA PRADESH,"Bisentha Flag Stone & Boulder, M-Sand, Dimension Stone Quarry","This is a flagstone, Boulder & M-Sand, Dimension Stone quarry. It comes under the B1 Category. We are using an open-cast semi-mechanised mining method with an annual production is 40,000 Cub meters/Year(FlagStone-3000 Cub Meter/Year, Boulder 10000 Cub Meter/Year & M-Sand-20000 Cub Meter/Year, Dimension Stone-7000 Cub Meter/Year ), Khasra no - 1228, Area - 4.00 Ha, Village- Bisentha, Tehsil – Morena(Banmore), District - Morena(M.P.)",2026-02-08T14:59:43.468601
SIA/MP/MIN/567935/2026,iqbal khan,Environmental Clearance,parivesh,,{},Non-Coal,,100.0,EDS raised,Madhya Pradesh,MADHYA PRADESH,Najarpur Stone (Gitti) Quarry,"It is a Stone Quarry with a production capacity of 5,700 m3/year Gitti having a lease area of 1.00 hectare, at Khasra No. 1210/1 (Govt. land) Village -Najarpur, Tehsil- Ghatiya, District-Ujjain (M.P.)",2026-02-08T14:59:43.468601
SIA/MP/INFRA2/565502/2026,airports authority of india,Environmental Clearance,parivesh,,{},INFRA-2,"Bitumen, Diesel, HSD",100.0,EDS raised,Madhya Pradesh,MADHYA PRADESH,"Development of Ujjain (Datana) Airport, Datana, Ujjain, Madhya Pradesh 456664","The project is development of Ujjain (Datana) airport, which includes, reconfiguration and extension of existing Runway 13/31, from 1077m × 23m to 1800m X 45m with strength for Q 400 type of aircraft; construction of Apron of dimension of 149.5 m x 120.5 m (approx.) for parking of 3 nos. of Code-C (Q400) along with 1-no. link taxi track of 164.5 m x 23 m with 3.5m wide shoulders, required fillets & associated GSE., construction of Isolation Bay of dimension of 56.8 m x 88.5 m (approx.) with requ",2026-02-08T14:59:43.468601
SIA/MP/MIN/558257/2026,RAJEEV JAIN,Environmental Clearance,parivesh,,"{""regulatory_events"": [""CTO""]}",Non-Coal,,100.0,Under Verification,Madhya Pradesh,MADHYA PRADESH,"RAJEEV KUMAR JAIN, PRATAPPURA STONE MINE - 0.8 HA","Pratappura Stone Quarry mine is located at Khasra No.-72/2 P, Village –Pratappura, Tehsil Orchha, Distt. Niwari (M.P.). The lease has been sanctioned in F/o Rajeev Kumar Jain. The total lease area of the mine is 0.80 ha. DEIAA has granted EC in vide letter no. 180 dated 10.04.2018 in favor of Rajeev Kumar Jain. The capacity of quarry is for mining of Stone – 15043 cum /year,ITS A OPERATING MINE WITH EC FROM DEIAA AND CTO FROM MPPCB APPLYING FOR REAPPRAISAL TO SEIAA FOR EC. WE HAVE PREPARED THE E",2026-02-08T14:59:43.468601
SIA/MP/MIN/563631/2026,NEW BALAJI STONE MILL,Environmental Clearance,parivesh,,{},Non-Coal,,100.0,Proposal Accepted and Referred to SEAC,Madhya Pradesh,MADHYA PRADESH,DIDWARA STONE MINE,"area-2.0ha, khasra no- 1361/1/2, at Village -Didwara, Tehsil-Lavkush Nagar, Distt.-Chhatarpur, Madhya Pradesh.",2026-02-08T14:59:43.468601
IA/MP/MIN/565780/2026,DALMIA CEMENT (BHARAT) LIMITED,Environmental Clearance,parivesh,,{},Non-Coal,,100.0,Under Examination,Madhya Pradesh,MADHYA PRADESH,"Proposed Naubasta-Kolard Part-A (Padriya_Rajarwara_Khamhariya Kala) Limestone Block (Area: 569.286 Ha) with Limestone Production Capacity: 1.00 Million TPA, Top Soil: 0.01 Million TPA and Waste: 0.42 Million TPA (Total Excavation: 1.43 Million TPA) along with installation of 1400 TPH Capacity of Crusher located at Villages: Padariya, Rajarwara, Khamhariya Kala, Chhinda, Patna, Damha, Kolard & Naubasta, Taluka: Nagod, District: Satna, State: Madhya Pradesh of Dalmia Cement (Bharat) Ltd.","Dalmia Cement (Bharat) Limited has proposed Naubasta-Kolard Part-A (Padriya_Rajawara_Khamhariya Kala) Limestone Block (Area: 569.286 Ha) with Limestone Production Capacity: 1.00 Million TPA, Top Soil: 0.01 Million TPA and Waste: 0.42 Million TPA (Total Excavation: 1.43 Million TPA) along with installation of 1400 TPH Capacity of Crusher located at Villages: Padariya, Rajarwara, Khamhariya Kala, Chhinda, Patna, Damha, Kolard & Naubasta, Taluka: Nagod, District: Satna, State: Madhya Pradesh. DCBL ",2026-02-08T14:59:43.468601
IA/MP/INFRA2/561689/2026,SAMDARIYA BUILDERS (INDIA) PRIVATE LIMITED,Environmental Clearance,parivesh,,{},INFRA-2,"Bitumen, Diesel, HSD",100.0,Proposal pulled back (withdrawn),Madhya Pradesh,MADHYA PRADESH,Samdariya Avenue Residential/Commercial Complex Jabalpur,Residential/Commercial Complex,2026-02-08T14:59:43.468601
SIA/MP/MIN/541147/2026,kelash bai,Environmental Clearance,parivesh,,{},Non-Coal,,100.0,Under Verification,Madhya Pradesh,MADHYA PRADESH,Ujjainiya Murram Quarry,"It is a Murrum Quarry with a production capacity of 10,000 m3/year murrum having a lease area of 2.00 hectare, at Khasra No. 1381/1 (Govt Land) Village - Ujjainiya, Tehsil-Ghatiyai, District-Ujjain (M.P.).",2026-02-08T14:59:43.468601
SIA/MP/MIN/565385/2026,GANGELE ENTERPRISES LLP,Environmental Clearance,parivesh,,{},Non-Coal,,100.0,Referred to SEAC,Madhya Pradesh,MADHYA PRADESH,Devkuliya Gitti Stone mine,"Devkuliya Gitti Stone mine of 2.00 Hectare Area, Khasra No. 270 in Village – Devkuliya, Tehsil – Rajnagar, District- Chhatarpur (M.P.) (Maximum Production – 17,140 Cubic Meter/ Year)",2026-02-08T14:59:43.468601
SIA/MP/IND1/566388/2026,SYNA STEELS AND MATELS PRIVATE LIMITED (FORMERLY jAIN MINES & mINERALS (i) PVT LTD ),Environmental Clearance,parivesh,,{},Industrial,"Diesel, Furnace Oil, Lubricants",100.0,Under Verification,Madhya Pradesh,MADHYA PRADESH,Syna Steels and Metals Private Limited (Formerly Knows As Jain Mines and Minerals (India) Pvt Ltd),IRON ORE BENEFICIATION PLANT,2026-02-08T14:59:43.468601
SIA/MP/MIN/564072/2026,BHARAT RAGHUWANSHI,Environmental Clearance,parivesh,,{},Non-Coal,,100.0,Standard ToR Granted,Madhya Pradesh,MADHYA PRADESH,Jamodi Stone (Gitti) and M-sand Quarry,The Environmental Clearance is required for mining project for a targeted production of Stone (Gitti) 30000 Cum/year & M-Sand 20000 Cum/year.,2026-02-08T14:59:43.468601
SIA/MP/MIN/566415/2026,ISHWAR SINGH,Environmental Clearance,parivesh,,{},Non-Coal,,100.0,Proposal pulled back (withdrawn),Madhya Pradesh,MADHYA PRADESH,"Titodi Stone (Gitti, Boulder & M-Sand) and Murram","It is a Stone Quarry with a production capacity of 15,000 m3/year Gitti, 22,000 m3/year M-Sand, 3,000 m3/year Boulder and 6,117 m3/year murrum having a lease area of 2.50 hectare, at Khasra No. 157/1 (Govt. land) Village- Titodi, Tehsil- Tarana, District- Ujjain (M.P.)",2026-02-08T14:59:43.468601
SIA/MP/MIN/567904/2026,santosh kumar dongrdiye,Environmental Clearance,parivesh,,"{""regulatory_events"": [""CTO""]}",Non-Coal,,100.0,Under Verification,Madhya Pradesh,MADHYA PRADESH,Chouthiya Stone Quarry,"It is a Stone Quarry with a production capacity of 5,700 m3/year Stone having a lease area of 1.00 hectare, at Khasra No. 37/2, 37/3, 37/4 & 38/5 (Pvt. land) Village - Chouthiya, Tehsil- Multai, District- Betul (M.P.). Previously EC was issued to us in 2015 at an area of 2.00 hecatres and during lease renewal we have granted an area 1.00 hecatre from collector office Betul. So now we are applying for EC amendment via parivesh portal.",2026-02-08T14:59:43.468601
SIA/MP/MIN/558264/2026,RAJEEV JAIN,Environmental Clearance,parivesh,,"{""regulatory_events"": [""CTO""]}",Non-Coal,,100.0,Under Verification,Madhya Pradesh,MADHYA PRADESH,Rajeev Kumar Jain Pratappura Stone Mine Area- 1.386 ha,"THIS IS OPEN CAST MINE, AND ITS A OPERATING MINE WITH EC FROM DEIAA AND CTO FROM MPPCB APPLYING FOR REAPPRAISAL TO SEIAA FOR EC. WE HAVE PREPARED THE EIA/EMP FOR THE PROJECT CONSIDERING THE CLUSTER",2026-02-08T14:59:43.468601
SIA/MP/MIN/564828/2026,HEIDELBERGCEMENT INDIA LIMITED,Environmental Clearance,parivesh,,{},Non-Coal,,100.0,Under Verification,Madhya Pradesh,MADHYA PRADESH,"Sukha Satpara limestone block (Area 216 ha) with limestone production capacity of 0.1 million TPA At Villages Sukha, Satpara and Jagthar, Tehsil Patharia, District Damoh, Madhya Pradesh","Sukha Satpara limestone block (Area 216 ha) with limestone production capacity of 0.1 million TPA At Villages Sukha, Satpara and Jagthar, Tehsil Patharia, District Damoh, Madhya Pradesh",2026-02-08T14:59:43.468601
SIA/MP/MIN/563952/2026,OMKAR DUBEY,Environmental Clearance,parivesh,,"{""regulatory_events"": [""CTO""]}",Non-Coal,,100.0,EDS raised,Madhya Pradesh,MADHYA PRADESH,BARBASPUR-2 SAND QUARRY (2.00Ha),"This is a new mine. Government of Office of the District Collector (Khanij Branch) Mandla issued Letter of Intent (LOI) bearing no. Khanij 01/2024/1959, Mandla Dated- 23/12/2024for grant of Mining Lease for Barbaspur-2 Sand Quarry located in Village- Barbaspur-2, Tehsil- Bichhiya, District- Mandla, State- Madhya Pradesh over an area of 2.000 Ha area to The Madhya Pradesh State Mining Corporation Ltd. for a period of 5 years. The mining will be done by Mechanized Opencast mining method. The proje",2026-02-08T14:59:43.468601
SIA/MP/MIN/565434/2026,ASHIQULLA KHAN,Environmental Clearance,parivesh,,{},Non-Coal,,100.0,Standard ToR Granted,Madhya Pradesh,MADHYA PRADESH,"Saykheda Metal Stone Quarry Project at Khasra No. 89 & 90, Village: Saykheda, Tehsil- Sousar, District-Pandhura, State- Madhya Pradesh Area: 2.0 Ha","Saykheda Metal Stone Quarry Project at Khasra No. 89 & 90, Village: Saykheda, Tehsil- Sousar, District-Pandhura, State- Madhya Pradesh Area: 2.0 Ha by Shree Ashiq Ulla Khan, S/o Shree Habib Ulla Khan",2026-02-08T14:59:43.468601
IA/MP/MIN/563903/2026,SHANTI G.D. ISPAT AND POWER PVT. LTD.,Environmental Clearance,parivesh,,{},Non-Coal,,100.0,Under Examination,Madhya Pradesh,MADHYA PRADESH,"Golighat and Vanadium Block for Graphite and Vanadium Deposit in Aprapan Behera Village, Tehsil & District Betul, Madhya Pradesh : Shanti GD Ispat & Power Limited","The Golighat Graphite & Vanadium Mining Project, proposed by M/s. Shanti G D Ispat and Power Private Limited, is a Category ‘A’ opencast mining project located in Betul District, Madhya Pradesh, over a mining lease area of 82.00 Ha. The project involves mechanized opencast mining with benching and controlled deep-hole blasting, strictly in accordance with the Approved Mining Plan and DGMS guidelines. The project is proposed with a maximum ROM production capacity of 100,258.99 tonnes per annum, w",2026-02-08T14:59:43.468601
